ORPHA:797	MeSH:D012507
ORPHA:10	MeSH:D007713
ORPHA:100	MeSH:D001260
ORPHA:1000	MeSH:C537043
ORPHA:100006	MeSH:C537944
ORPHA:100006	MeSH:D028243
ORPHA:100033	MeSH:C536606
ORPHA:100050	MeSH:C538577
ORPHA:100054	MeSH:D056828
ORPHA:100070	MeSH:D057178
ORPHA:1001	MeSH:C538317
ORPHA:1003	MeSH:C536622
ORPHA:1005	MeSH:C537051
ORPHA:1008	MeSH:C537057
ORPHA:100984	MeSH:C536864
ORPHA:100985	MeSH:C536865
ORPHA:100986	MeSH:C536871
ORPHA:100988	MeSH:C536866
ORPHA:100989	MeSH:C536867
ORPHA:100991	MeSH:C537482
ORPHA:100993	MeSH:C537484
ORPHA:100994	MeSH:C537485
ORPHA:100995	MeSH:C537486
ORPHA:100996	MeSH:C536642
ORPHA:100997	MeSH:C536643
ORPHA:100999	MeSH:C536856
ORPHA:101005	MeSH:C536861
ORPHA:101006	MeSH:C536862
ORPHA:101009	MeSH:C536863
ORPHA:101016	MeSH:D029597
ORPHA:101049	MeSH:C537146
ORPHA:101050	MeSH:C537147
ORPHA:101075	MeSH:C535919
ORPHA:101083	MeSH:C537984
ORPHA:101084	MeSH:C537985
ORPHA:101101	MeSH:C537991
ORPHA:101102	MeSH:C535415
ORPHA:101108	MeSH:C537201
ORPHA:101109	MeSH:C537205
ORPHA:101110	MeSH:C537199
ORPHA:101111	MeSH:C537202
ORPHA:101112	MeSH:C537203
ORPHA:101330	MeSH:D017119
ORPHA:1021	MeSH:C536604
ORPHA:1023	MeSH:C536605
ORPHA:1028	MeSH:C538245
ORPHA:1031	MeSH:C538241
ORPHA:1037	MeSH:C536613
ORPHA:1040	MeSH:C537351
ORPHA:1052	MeSH:C536987
ORPHA:1059	MeSH:C536240
ORPHA:1062	MeSH:C536364
ORPHA:1063	MeSH:C536924
ORPHA:1064	MeSH:C536371
ORPHA:1068	MeSH:C536568
ORPHA:107	MeSH:D019280
ORPHA:1071	MeSH:C535289
ORPHA:1072	MeSH:C536373
ORPHA:1077	MeSH:D020254
ORPHA:1078	MeSH:C537511
ORPHA:109007	MeSH:D001176
ORPHA:1094	MeSH:C536948
ORPHA:11	MeSH:C535319
ORPHA:110	MeSH:D020788
ORPHA:1104	MeSH:C537767
ORPHA:111	MeSH:D056889
ORPHA:1110	MeSH:C537785
ORPHA:1112	MeSH:C535881
ORPHA:1114	MeSH:C536840
ORPHA:1116	MeSH:C537788
ORPHA:1118	MeSH:C537930
ORPHA:112	MeSH:D001477
ORPHA:1122	MeSH:C536936
ORPHA:1125	MeSH:C537423
ORPHA:113	MeSH:C537663
ORPHA:1133	MeSH:C537427
ORPHA:114	MeSH:C538271
ORPHA:1143	MeSH:C536614
ORPHA:1144	MeSH:C535386
ORPHA:1145	MeSH:C535380
ORPHA:115	MeSH:C536211
ORPHA:1150	MeSH:C538401
ORPHA:1159	MeSH:C535387
ORPHA:116	MeSH:D001506
ORPHA:1166	MeSH:C535349
ORPHA:1174	MeSH:C535350
ORPHA:1177	MeSH:C535633
ORPHA:118	MeSH:D044905
ORPHA:1186	MeSH:C535523
ORPHA:1187	MeSH:C535388
ORPHA:1190	MeSH:C535396
ORPHA:1195	MeSH:C538259
ORPHA:1200	MeSH:C537411
ORPHA:1201	MeSH:C538260
ORPHA:1203	MeSH:C535720
ORPHA:1215	MeSH:C535351
ORPHA:122	MeSH:D058249
ORPHA:1225	MeSH:C536788
ORPHA:1226	MeSH:C537901
ORPHA:1227	MeSH:C537902
ORPHA:123	MeSH:C537633
ORPHA:1231	MeSH:C537908
ORPHA:1237	MeSH:C537668
ORPHA:124	MeSH:D029503
ORPHA:1240	MeSH:C537350
ORPHA:125	MeSH:D001816
ORPHA:1259	MeSH:C536236
ORPHA:1263	MeSH:C536573
ORPHA:127	MeSH:C536575
ORPHA:1270	MeSH:C537081
ORPHA:1272	MeSH:C537933
ORPHA:1292	MeSH:C536242
ORPHA:1293	MeSH:C537098
ORPHA:1296	MeSH:C538396
ORPHA:13	MeSH:C535325
ORPHA:130	MeSH:D053840
ORPHA:1306	MeSH:C537415
ORPHA:1309	MeSH:D007691
ORPHA:1318	MeSH:C537966
ORPHA:1319	MeSH:C537967
ORPHA:132	MeSH:C537417
ORPHA:1325	MeSH:C537972
ORPHA:1326	MeSH:C537971
ORPHA:1327	MeSH:C537970
ORPHA:1328	MeSH:D003966
ORPHA:1331	MeSH:C537243
ORPHA:1333	MeSH:C535837
ORPHA:1334	MeSH:D002178
ORPHA:1335	MeSH:D058502
ORPHA:1338	MeSH:C535849
ORPHA:1340	MeSH:C535579
ORPHA:135	MeSH:C537420
ORPHA:1354	MeSH:C535850
ORPHA:1359	MeSH:D056733
ORPHA:136	MeSH:D046589
ORPHA:1366	MeSH:C535336
ORPHA:1368	MeSH:C538283
ORPHA:1369	MeSH:C538280
ORPHA:137605	MeSH:C548032
ORPHA:137675	MeSH:C535584
ORPHA:137678	MeSH:C535766
ORPHA:1377	MeSH:C538287
ORPHA:137888	MeSH:C538270
ORPHA:138	MeSH:D058747
ORPHA:1388	MeSH:C535347
ORPHA:139491	MeSH:C537249
ORPHA:1399	MeSH:C535674
ORPHA:14	MeSH:D000012
ORPHA:140	MeSH:D055036
ORPHA:140471	MeSH:D009477
ORPHA:140969	MeSH:C535463
ORPHA:140976	MeSH:C537612
ORPHA:140989	MeSH:C535276
ORPHA:140989	MeSH:D020293
ORPHA:141	MeSH:D017825
ORPHA:1410	MeSH:C536939
ORPHA:141127	MeSH:C536975
ORPHA:1412	MeSH:C536943
ORPHA:141327	MeSH:C548034
ORPHA:141330	MeSH:C548035
ORPHA:1425	MeSH:C535943
ORPHA:1426	MeSH:C537299
ORPHA:1431	MeSH:D002819
ORPHA:1437	MeSH:C535361
ORPHA:1438	MeSH:C538086
ORPHA:144	MeSH:D003123
ORPHA:1440	MeSH:C535487
ORPHA:1441	MeSH:C538046
ORPHA:1442	MeSH:C538304
ORPHA:1444	MeSH:C535369
ORPHA:1445	MeSH:C537109
ORPHA:1446	MeSH:C536795
ORPHA:1447	MeSH:C537636
ORPHA:1448	MeSH:C537763
ORPHA:1449	MeSH:C537813
ORPHA:1450	MeSH:C537824
ORPHA:1452	MeSH:D002973
ORPHA:1458	MeSH:C536434
ORPHA:1465	MeSH:C536436
ORPHA:1471	MeSH:C535969
ORPHA:1478	MeSH:D006344
ORPHA:148	MeSH:D009100
ORPHA:1484	MeSH:C535465
ORPHA:1484	MeSH:C538135
ORPHA:1486	MeSH:C537194
ORPHA:1490	MeSH:C535473
ORPHA:1496	MeSH:C536446
ORPHA:15	MeSH:D000130
ORPHA:1505	MeSH:D012779
ORPHA:1507	MeSH:C535863
ORPHA:1512	MeSH:C536452
ORPHA:1516	MeSH:C536455
ORPHA:1517	MeSH:C535572
ORPHA:1520	MeSH:C536456
ORPHA:1528	MeSH:C535597
ORPHA:1529	MeSH:C536453
ORPHA:1531	MeSH:D003398
ORPHA:1540	MeSH:C537559
ORPHA:1545	MeSH:C536214
ORPHA:1551	MeSH:C535468
ORPHA:1552	MeSH:C536221
ORPHA:155899	MeSH:D008342
ORPHA:1562	MeSH:C536061
ORPHA:156207	MeSH:C531735
ORPHA:156207	MeSH:D008260
ORPHA:1563	MeSH:C535769
ORPHA:1566	MeSH:C535771
ORPHA:156731	MeSH:C537999
ORPHA:157	MeSH:C535589
ORPHA:1571	MeSH:C537209
ORPHA:1572	MeSH:D017074
ORPHA:157846	MeSH:C548080
ORPHA:157850	MeSH:D006211
ORPHA:158668	MeSH:C536183
ORPHA:158687	MeSH:C535493
ORPHA:16	MeSH:C536238
ORPHA:16	MeSH:C538165
ORPHA:1617	MeSH:C538316
ORPHA:1621	MeSH:C536808
ORPHA:163	MeSH:C538137
ORPHA:163727	MeSH:C535499
ORPHA:1646	MeSH:C536297
ORPHA:1647	MeSH:C538088
ORPHA:165	MeSH:C536560
ORPHA:1652	MeSH:C545036
ORPHA:1652	MeSH:D057973
ORPHA:1653	MeSH:D003805
ORPHA:1657	MeSH:C535373
ORPHA:166	MeSH:D002607
ORPHA:166063	MeSH:C536716
ORPHA:166073	MeSH:C548074
ORPHA:166078	MeSH:D056725
ORPHA:166081	MeSH:D056728
ORPHA:166096	MeSH:D056729
ORPHA:166100	MeSH:C537494
ORPHA:166282	MeSH:D012804
ORPHA:1667	MeSH:C536739
ORPHA:167	MeSH:D002609
ORPHA:1675	MeSH:D054067
ORPHA:168	MeSH:D058247
ORPHA:168443	MeSH:C535783
ORPHA:168454	MeSH:C535785
ORPHA:168549	MeSH:C535795
ORPHA:168552	MeSH:C535791
ORPHA:168572	MeSH:C538343
ORPHA:168778	MeSH:D002659
ORPHA:168796	MeSH:C535852
ORPHA:169	MeSH:C537187
ORPHA:170	MeSH:C536745
ORPHA:1703	MeSH:C535489
ORPHA:1705	MeSH:C538034
ORPHA:1706	MeSH:C538037
ORPHA:1707	MeSH:C538036
ORPHA:1713	MeSH:C536578
ORPHA:1715	MeSH:C538307
ORPHA:1738	MeSH:C537643
ORPHA:174	MeSH:C537352
ORPHA:1747	MeSH:C537822
ORPHA:175	MeSH:C535916
ORPHA:1752	MeSH:C538020
ORPHA:1762	MeSH:C537723
ORPHA:1764	MeSH:D004402
ORPHA:1766	MeSH:C535731
ORPHA:177	MeSH:D018902
ORPHA:1775	MeSH:D019871
ORPHA:1777	MeSH:C536959
ORPHA:178	MeSH:D002817
ORPHA:1786	MeSH:C538182
ORPHA:1787	MeSH:C538185
ORPHA:1788	MeSH:C538183
ORPHA:179	MeSH:C537630
ORPHA:1790	MeSH:C537154
ORPHA:1794	MeSH:C537736
ORPHA:180	MeSH:D015794
ORPHA:1801	MeSH:C538128
ORPHA:1807	MeSH:C536385
ORPHA:1808	MeSH:C536180
ORPHA:181	MeSH:D053358
ORPHA:1811	MeSH:C537741
ORPHA:181412	MeSH:D047808
ORPHA:1822	MeSH:C537997
ORPHA:1824	MeSH:C537038
ORPHA:1826	MeSH:C538064
ORPHA:1827	MeSH:C535657
ORPHA:1830	MeSH:C536629
ORPHA:1834	MeSH:C537790
ORPHA:1836	MeSH:C535547
ORPHA:183660	MeSH:D016511
ORPHA:183669	MeSH:D000361
ORPHA:1837	MeSH:C536935
ORPHA:184	MeSH:D002636
ORPHA:1848	MeSH:C536482
ORPHA:1851	MeSH:D021782
ORPHA:1855	MeSH:C535782
ORPHA:1856	MeSH:C535799
ORPHA:187	MeSH:D020159
ORPHA:1876	MeSH:C536350
ORPHA:1885	MeSH:C536184
ORPHA:1885	MeSH:D004479
ORPHA:190	MeSH:D058456
ORPHA:191	MeSH:D003057
ORPHA:192	MeSH:D038921
ORPHA:1928	MeSH:C535735
ORPHA:193	MeSH:C536438
ORPHA:1941	MeSH:C535495
ORPHA:1948	MeSH:C537662
ORPHA:1949	MeSH:C535466
ORPHA:1949	MeSH:D020936
ORPHA:195	MeSH:C535918
ORPHA:1951	MeSH:C535497
ORPHA:1952	MeSH:C538095
ORPHA:1954	MeSH:C535513
ORPHA:1955	MeSH:C535514
ORPHA:1955	MeSH:C535738
ORPHA:1973	MeSH:C536388
ORPHA:198	MeSH:C537860
ORPHA:1988	MeSH:C537916
ORPHA:199	MeSH:D003635
ORPHA:199241	MeSH:C535861
ORPHA:199282	MeSH:C535634
ORPHA:199647	MeSH:D004677
ORPHA:201	MeSH:D006223
ORPHA:2019	MeSH:C537918
ORPHA:2028	MeSH:D057770
ORPHA:2036	MeSH:C536623
ORPHA:2044	MeSH:C537062
ORPHA:2045	MeSH:C537065
ORPHA:2047	MeSH:C537066
ORPHA:205	MeSH:D003414
ORPHA:2050	MeSH:C535963
ORPHA:2052	MeSH:D058497
ORPHA:2053	MeSH:C535483
ORPHA:2056	MeSH:C538068
ORPHA:2059	MeSH:C538070
ORPHA:2064	MeSH:C536344
ORPHA:2065	MeSH:C537548
ORPHA:2066	MeSH:C535407
ORPHA:206647	MeSH:D009223
ORPHA:2069	MeSH:C535651
ORPHA:206966	MeSH:D017240
ORPHA:206970	MeSH:D020967
ORPHA:2075	MeSH:C537683
ORPHA:2078	MeSH:C537799
ORPHA:208650	MeSH:D056587
ORPHA:209	MeSH:D003483
ORPHA:2092	MeSH:D005489
ORPHA:2095	MeSH:C537290
ORPHA:2097	MeSH:C537293
ORPHA:2101	MeSH:C537621
ORPHA:211	MeSH:C536611
ORPHA:211017	MeSH:C537206
ORPHA:2116	MeSH:D006250
ORPHA:2118	MeSH:C535845
ORPHA:212	MeSH:C535408
ORPHA:213	MeSH:D003554
ORPHA:2131	MeSH:C536589
ORPHA:2132	MeSH:D006445
ORPHA:2134	MeSH:C538266
ORPHA:2138	MeSH:D050090
ORPHA:2139	MeSH:C538112
ORPHA:214	MeSH:D003555
ORPHA:2143	MeSH:C536390
ORPHA:215	MeSH:C536122
ORPHA:2150	MeSH:C538319
ORPHA:2151	MeSH:C538119
ORPHA:2152	MeSH:C536990
ORPHA:2157	MeSH:C538320
ORPHA:216	MeSH:D009472
ORPHA:2162	MeSH:D016142
ORPHA:2167	MeSH:C535327
ORPHA:216812	MeSH:C536044
ORPHA:216820	MeSH:C536045
ORPHA:216828	MeSH:C536046
ORPHA:217607	MeSH:C536231
ORPHA:2177	MeSH:D006832
ORPHA:218	MeSH:D007644
ORPHA:2189	MeSH:C536079
ORPHA:2195	MeSH:C536171
ORPHA:220	MeSH:D030321
ORPHA:2201	MeSH:C536153
ORPHA:2202	MeSH:C536152
ORPHA:2203	MeSH:D020167
ORPHA:220436	MeSH:C536260
ORPHA:220460	MeSH:C538265
ORPHA:2222	MeSH:C538389
ORPHA:2224	MeSH:C538393
ORPHA:223	MeSH:D018500
ORPHA:2238	MeSH:C537156
ORPHA:2249	MeSH:C536934
ORPHA:225	MeSH:C536246
ORPHA:2251	MeSH:C536904
ORPHA:225123	MeSH:C537248
ORPHA:2254	MeSH:C548069
ORPHA:226	MeSH:C537896
ORPHA:2273	MeSH:C536085
ORPHA:2278	MeSH:C536274
ORPHA:2287	MeSH:C535997
ORPHA:2289	MeSH:C537395
ORPHA:23	MeSH:D056807
ORPHA:230	MeSH:C535600
ORPHA:2308	MeSH:D054868
ORPHA:2309	MeSH:D053549
ORPHA:2311	MeSH:C535781
ORPHA:2311	MeSH:C537565
ORPHA:2315	MeSH:C535880
ORPHA:2316	MeSH:C535882
ORPHA:2319	MeSH:C537690
ORPHA:232	MeSH:D000755
ORPHA:2322	MeSH:C537705
ORPHA:2324	MeSH:C537706
ORPHA:2328	MeSH:C537008
ORPHA:2329	MeSH:C537319
ORPHA:233	MeSH:D004370
ORPHA:2332	MeSH:C537015
ORPHA:2333	MeSH:C537020
ORPHA:2334	MeSH:C537022
ORPHA:2339	MeSH:C536158
ORPHA:234	MeSH:D007566
ORPHA:2340	MeSH:C536159
ORPHA:2342	MeSH:C537627
ORPHA:2347	MeSH:C537208
ORPHA:235	MeSH:C535718
ORPHA:2356	MeSH:D016080
ORPHA:2371	MeSH:C537872
ORPHA:2373	MeSH:D055092
ORPHA:2377	MeSH:D007849
ORPHA:2378	MeSH:C535689
ORPHA:2382	MeSH:C535500
ORPHA:2387	MeSH:C535889
ORPHA:239	MeSH:C535726
ORPHA:2396	MeSH:C535736
ORPHA:24	MeSH:C538191
ORPHA:240	MeSH:C537119
ORPHA:2409	MeSH:C537037
ORPHA:2414	MeSH:C537727
ORPHA:243	MeSH:D023961
ORPHA:2430	MeSH:C531735
ORPHA:2442	MeSH:D008232
ORPHA:245	MeSH:C538184
ORPHA:2461	MeSH:C535910
ORPHA:2462	MeSH:C537328
ORPHA:2466	MeSH:C536029
ORPHA:247	MeSH:D019571
ORPHA:2471	MeSH:C538158
ORPHA:2473	MeSH:C538159
ORPHA:2475	MeSH:C536700
ORPHA:247604	MeSH:C536416
ORPHA:247698	MeSH:D018813
ORPHA:247709	MeSH:D018814
ORPHA:248	MeSH:D053360
ORPHA:248095	MeSH:D010004
ORPHA:2482	MeSH:C537238
ORPHA:2485	MeSH:D008557
ORPHA:249	MeSH:D005357
ORPHA:25	MeSH:C536833
ORPHA:250	MeSH:C538065
ORPHA:2500	MeSH:C538187
ORPHA:2501	MeSH:C537353
ORPHA:2505	MeSH:C537575
ORPHA:2513	MeSH:C537322
ORPHA:2514	MeSH:C537323
ORPHA:2515	MeSH:C536711
ORPHA:2515	MeSH:C537324
ORPHA:2519	MeSH:C537544
ORPHA:2522	MeSH:C537325
ORPHA:2524	MeSH:C548070
ORPHA:2526	MeSH:C537711
ORPHA:2528	MeSH:C537536
ORPHA:2528	MeSH:C537539
ORPHA:2536	MeSH:C537552
ORPHA:255	MeSH:C538007
ORPHA:2554	MeSH:C538012
ORPHA:2561	MeSH:C538170
ORPHA:2565	MeSH:C535914
ORPHA:2573	MeSH:C536991
ORPHA:2573	MeSH:D009072
ORPHA:2576	MeSH:C538604
ORPHA:2576	MeSH:D050336
ORPHA:2579	MeSH:C538193
ORPHA:2597	MeSH:C537476
ORPHA:2598	MeSH:C536101
ORPHA:26	MeSH:C537359
ORPHA:2608	MeSH:C536108
ORPHA:261	MeSH:D020389
ORPHA:2614	MeSH:D009261
ORPHA:2617	MeSH:C535448
ORPHA:2619	MeSH:C537086
ORPHA:2623	MeSH:C537677
ORPHA:263	MeSH:D049288
ORPHA:2632	MeSH:C537267
ORPHA:2634	MeSH:C537349
ORPHA:2635	MeSH:C537356
ORPHA:2643	MeSH:C537321
ORPHA:2645	MeSH:C536050
ORPHA:2646	MeSH:C537172
ORPHA:2658	MeSH:C537115
ORPHA:2663	MeSH:C538342
ORPHA:2668	MeSH:C536401
ORPHA:2669	MeSH:C536402
ORPHA:2670	MeSH:C537185
ORPHA:2671	MeSH:C536405
ORPHA:2673	MeSH:C537388
ORPHA:2674	MeSH:C536229
ORPHA:26792	MeSH:C537596
ORPHA:2686	MeSH:C536227
ORPHA:2697	MeSH:C535382
ORPHA:270	MeSH:D039141
ORPHA:2704	MeSH:C536480
ORPHA:2707	MeSH:C537013
ORPHA:2709	MeSH:C537732
ORPHA:2712	MeSH:C537465
ORPHA:2712	MeSH:C537735
ORPHA:2721	MeSH:C537742
ORPHA:273	MeSH:C538008
ORPHA:2731	MeSH:C536945
ORPHA:2736	MeSH:C537747
ORPHA:274	MeSH:D001606
ORPHA:2746	MeSH:C537122
ORPHA:2751	MeSH:C538585
ORPHA:2760	MeSH:C537138
ORPHA:2768	MeSH:C536237
ORPHA:277	MeSH:C531816
ORPHA:2770	MeSH:C536329
ORPHA:2772	MeSH:C537558
ORPHA:2780	MeSH:C536053
ORPHA:2781	MeSH:D010022
ORPHA:2783	MeSH:C536056
ORPHA:2785	MeSH:C536058
ORPHA:2788	MeSH:C536063
ORPHA:280	MeSH:C536740
ORPHA:280	MeSH:D054877
ORPHA:281	MeSH:C538482
ORPHA:281	MeSH:D003410
ORPHA:282	MeSH:D057180
ORPHA:2821	MeSH:C536870
ORPHA:2822	MeSH:C537483
ORPHA:2822	MeSH:C538335
ORPHA:2825	MeSH:C537174
ORPHA:2826	MeSH:C536874
ORPHA:2831	MeSH:C537609
ORPHA:2834	MeSH:C536750
ORPHA:2836	MeSH:C536317
ORPHA:2840	MeSH:C535292
ORPHA:2840	MeSH:C535548
ORPHA:2843	MeSH:C536652
ORPHA:2854	MeSH:C538189
ORPHA:2856	MeSH:C536665
ORPHA:2867	MeSH:C537121
ORPHA:2869	MeSH:D010580
ORPHA:2871	MeSH:C537889
ORPHA:2874	MeSH:C537893
ORPHA:288	MeSH:D004612
ORPHA:2880	MeSH:C536654
ORPHA:2882	MeSH:C537345
ORPHA:2884	MeSH:D016116
ORPHA:2886	MeSH:C536942
ORPHA:289	MeSH:D004613
ORPHA:2890	MeSH:C537399
ORPHA:2891	MeSH:C537398
ORPHA:2896	MeSH:C537403
ORPHA:2897	MeSH:D010916
ORPHA:29	MeSH:D054078
ORPHA:2900	MeSH:C537118
ORPHA:2908	MeSH:C536321
ORPHA:2909	MeSH:D011038
ORPHA:2911	MeSH:D011045
ORPHA:2913	MeSH:D017689
ORPHA:2924	MeSH:C536330
ORPHA:2947	MeSH:C536564
ORPHA:2950	MeSH:C536563
ORPHA:2956	MeSH:C538180
ORPHA:2956	MeSH:C538277
ORPHA:2957	MeSH:C538278
ORPHA:2959	MeSH:C536422
ORPHA:296	MeSH:D004687
ORPHA:2962	MeSH:C535990
ORPHA:2966	MeSH:C537241
ORPHA:2968	MeSH:D018370
ORPHA:2970	MeSH:C536477
ORPHA:2970	MeSH:D011535
ORPHA:2971	MeSH:C536662
ORPHA:2972	MeSH:C536952
ORPHA:2972	MeSH:C537496
ORPHA:2976	MeSH:C536310
ORPHA:30	MeSH:C537136
ORPHA:300	MeSH:C536663
ORPHA:3003	MeSH:C536251
ORPHA:3005	MeSH:C536252
ORPHA:3006	MeSH:C536254
ORPHA:3008	MeSH:D015324
ORPHA:3010	MeSH:C536259
ORPHA:3015	MeSH:C536267
ORPHA:3016	MeSH:C535281
ORPHA:3019	MeSH:C535285
ORPHA:302	MeSH:D004819
ORPHA:3021	MeSH:C535288
ORPHA:30391	MeSH:D001656
ORPHA:305	MeSH:D016109
ORPHA:307	MeSH:D020190
ORPHA:3071	MeSH:D056685
ORPHA:308	MeSH:D020194
ORPHA:3086	MeSH:C536352
ORPHA:3098	MeSH:C537611
ORPHA:31	MeSH:C536582
ORPHA:3101	MeSH:C535675
ORPHA:3102	MeSH:C535677
ORPHA:3103	MeSH:C535687
ORPHA:3104	MeSH:C535688
ORPHA:3110	MeSH:C535870
ORPHA:31112	MeSH:C538219
ORPHA:31150	MeSH:D013631
ORPHA:31153	MeSH:D052456
ORPHA:31154	MeSH:D006995
ORPHA:3124	MeSH:C537218
ORPHA:3129	MeSH:C537236
ORPHA:313	MeSH:D017490
ORPHA:3132	MeSH:C536618
ORPHA:3133	MeSH:C536619
ORPHA:3134	MeSH:C536625
ORPHA:3138	MeSH:C536937
ORPHA:3144	MeSH:C536637
ORPHA:3152	MeSH:C537525
ORPHA:3156	MeSH:C537580
ORPHA:3157	MeSH:D025962
ORPHA:3163	MeSH:C537327
ORPHA:3166	MeSH:C537332
ORPHA:3167	MeSH:C537335
ORPHA:3168	MeSH:C537338
ORPHA:3169	MeSH:C538595
ORPHA:3177	MeSH:C535472
ORPHA:3180	MeSH:C535779
ORPHA:31837	MeSH:D011668
ORPHA:3184	MeSH:C537487
ORPHA:3193	MeSH:D021921
ORPHA:3194	MeSH:C536444
ORPHA:3194	MeSH:C537488
ORPHA:32	MeSH:C536835
ORPHA:320	MeSH:C537422
ORPHA:320	MeSH:D043204
ORPHA:3205	MeSH:D013341
ORPHA:3206	MeSH:C537502
ORPHA:3210	MeSH:C538142
ORPHA:3214	MeSH:C536771
ORPHA:3219	MeSH:C537270
ORPHA:3220	MeSH:C535994
ORPHA:3230	MeSH:C538049
ORPHA:3236	MeSH:C535993
ORPHA:324	MeSH:D000795
ORPHA:3250	MeSH:C536223
ORPHA:3253	MeSH:C536726
ORPHA:3255	MeSH:C538152
ORPHA:3261	MeSH:D056735
ORPHA:3289	MeSH:C536946
ORPHA:3291	MeSH:C536950
ORPHA:3292	MeSH:C536953
ORPHA:33	MeSH:C538167
ORPHA:33001	MeSH:C537710
ORPHA:3301	MeSH:C536500
ORPHA:3305	MeSH:D057891
ORPHA:33067	MeSH:C537564
ORPHA:3310	MeSH:C538027
ORPHA:33108	MeSH:C537378
ORPHA:3316	MeSH:C536514
ORPHA:3317	MeSH:C536517
ORPHA:3319	MeSH:C535982
ORPHA:3322	MeSH:C536068
ORPHA:3324	MeSH:C536900
ORPHA:3326	MeSH:C536907
ORPHA:3328	MeSH:C536918
ORPHA:333	MeSH:C537075
ORPHA:333	MeSH:D055577
ORPHA:33355	MeSH:C538361
ORPHA:33364	MeSH:C536559
ORPHA:33364	MeSH:D054463
ORPHA:3341	MeSH:C536970
ORPHA:3344	MeSH:C537082
ORPHA:33445	MeSH:C536203
ORPHA:3351	MeSH:C536551
ORPHA:3352	MeSH:C536549
ORPHA:33572	MeSH:C535322
ORPHA:337	MeSH:D009221
ORPHA:3375	MeSH:D014314
ORPHA:3376	MeSH:D057885
ORPHA:3379	MeSH:C536579
ORPHA:3405	MeSH:C536938
ORPHA:3408	MeSH:C536472
ORPHA:342	MeSH:D010505
ORPHA:34217	MeSH:C538346
ORPHA:3426	MeSH:D004310
ORPHA:3429	MeSH:C536541
ORPHA:3440	MeSH:D014849
ORPHA:3447	MeSH:C536687
ORPHA:3449	MeSH:D056846
ORPHA:3453	MeSH:C538275
ORPHA:34533	MeSH:D003317
ORPHA:3454	MeSH:C536703
ORPHA:3455	MeSH:C536423
ORPHA:3456	MeSH:C536706
ORPHA:3463	MeSH:D014929
ORPHA:3464	MeSH:C536742
ORPHA:3466	MeSH:C536751
ORPHA:347	MeSH:D052159
ORPHA:3471	MeSH:C536718
ORPHA:3472	MeSH:C536719
ORPHA:349	MeSH:D005645
ORPHA:35	MeSH:D056693
ORPHA:351	MeSH:C536411
ORPHA:35122	MeSH:C538139
ORPHA:35125	MeSH:C536114
ORPHA:35125	MeSH:D054000
ORPHA:352	MeSH:D005693
ORPHA:354	MeSH:D016537
ORPHA:355	MeSH:D005776
ORPHA:356	MeSH:D016098
ORPHA:358	MeSH:D053579
ORPHA:365	MeSH:D006009
ORPHA:368	MeSH:C537276
ORPHA:368	MeSH:D006012
ORPHA:36899	MeSH:C536096
ORPHA:373	MeSH:C537340
ORPHA:374	MeSH:D006053
ORPHA:376	MeSH:C537288
ORPHA:379	MeSH:D006105
ORPHA:38	MeSH:C535653
ORPHA:380	MeSH:C537300
ORPHA:382	MeSH:C537622
ORPHA:385	MeSH:C538421
ORPHA:388	MeSH:D006627
ORPHA:392	MeSH:C535326
ORPHA:393	MeSH:D058531
ORPHA:399	MeSH:D006816
ORPHA:40	MeSH:C535661
ORPHA:408	MeSH:C538138
ORPHA:409	MeSH:C538377
ORPHA:41	MeSH:C535729
ORPHA:412	MeSH:D006952
ORPHA:414	MeSH:C537132
ORPHA:416	MeSH:D006959
ORPHA:41751	MeSH:C535440
ORPHA:418	MeSH:D000312
ORPHA:42	MeSH:C536038
ORPHA:42062	MeSH:C536285
ORPHA:423	MeSH:D008305
ORPHA:425	MeSH:D052456
ORPHA:42665	MeSH:C536919
ORPHA:42738	MeSH:C537592
ORPHA:43	MeSH:D000326
ORPHA:436	MeSH:D007014
ORPHA:44	MeSH:D018901
ORPHA:442	MeSH:D003409
ORPHA:444	MeSH:C535912
ORPHA:446	MeSH:C536394
ORPHA:447	MeSH:D006457
ORPHA:44890	MeSH:D046152
ORPHA:45	MeSH:C538234
ORPHA:45448	MeSH:C537480
ORPHA:455	MeSH:D053560
ORPHA:46	MeSH:C538235
ORPHA:46059	MeSH:C537880
ORPHA:461	MeSH:D016114
ORPHA:464	MeSH:D007184
ORPHA:466	MeSH:D034062
ORPHA:46627	MeSH:C538076
ORPHA:46724	MeSH:D002538
ORPHA:469	MeSH:D005633
ORPHA:47	MeSH:C537409
ORPHA:47044	MeSH:C538614
ORPHA:474	MeSH:C537571
ORPHA:478	MeSH:D017436
ORPHA:48	MeSH:C535984
ORPHA:480	MeSH:D007625
ORPHA:48471	MeSH:D054082
ORPHA:485	MeSH:C537207
ORPHA:488	MeSH:D014496
ORPHA:48818	MeSH:C536004
ORPHA:49042	MeSH:D003811
ORPHA:49827	MeSH:C536510
ORPHA:50	MeSH:D058540
ORPHA:500	MeSH:C537116
ORPHA:500	MeSH:D044542
ORPHA:501	MeSH:D020192
ORPHA:502	MeSH:C536555
ORPHA:502	MeSH:D015826
ORPHA:506	MeSH:D007888
ORPHA:50943	MeSH:C536155
ORPHA:50945	MeSH:C537914
ORPHA:51	MeSH:C535607
ORPHA:510	MeSH:D007926
ORPHA:511	MeSH:D008375
ORPHA:51188	MeSH:C535737
ORPHA:512	MeSH:D007966
ORPHA:512	MeSH:C538597
ORPHA:51608	MeSH:C537440
ORPHA:51636	MeSH:C536697
ORPHA:52	MeSH:D016738
ORPHA:52022	MeSH:C538356
ORPHA:52368	MeSH:C535808
ORPHA:524	MeSH:D016864
ORPHA:526	MeSH:D056929
ORPHA:52901	MeSH:C537070
ORPHA:531	MeSH:D054221
ORPHA:53271	MeSH:C537369
ORPHA:53347	MeSH:C536607
ORPHA:53372	MeSH:C537682
ORPHA:534	MeSH:D009800
ORPHA:53689	MeSH:C536210
ORPHA:53693	MeSH:C537934
ORPHA:53719	MeSH:C536752
ORPHA:538	MeSH:D018192
ORPHA:54	MeSH:C537863
ORPHA:54370	MeSH:D015432
ORPHA:55	MeSH:D016115
ORPHA:550	MeSH:D017241
ORPHA:551	MeSH:D017243
ORPHA:55654	MeSH:C537160
ORPHA:557	MeSH:C537771
ORPHA:558	MeSH:D008382
ORPHA:55881	MeSH:D050398
ORPHA:56	MeSH:D000474
ORPHA:56	MeSH:C537862
ORPHA:560	MeSH:C536025
ORPHA:561	MeSH:C536026
ORPHA:562	MeSH:D005359
ORPHA:56304	MeSH:C535395
ORPHA:566	MeSH:C537550
ORPHA:567	MeSH:D058165
ORPHA:570	MeSH:D020331
ORPHA:573	MeSH:D056734
ORPHA:576	MeSH:C538602
ORPHA:579	MeSH:D008059
ORPHA:58	MeSH:D038261
ORPHA:580	MeSH:D016532
ORPHA:581	MeSH:D009084
ORPHA:582	MeSH:D009085
ORPHA:583	MeSH:D009087
ORPHA:584	MeSH:D016538
ORPHA:587	MeSH:D055653
ORPHA:59	MeSH:C537047
ORPHA:590	MeSH:D020294
ORPHA:59305	MeSH:D031901
ORPHA:596	MeSH:C538647
ORPHA:6	MeSH:C535308
ORPHA:60	MeSH:C531610
ORPHA:60	MeSH:D019896
ORPHA:60041	MeSH:C535758
ORPHA:602	MeSH:C536816
ORPHA:603	MeSH:C536690
ORPHA:606	MeSH:D020967
ORPHA:607	MeSH:D017696
ORPHA:609	MeSH:C536815
ORPHA:61	MeSH:D008363
ORPHA:610	MeSH:C535436
ORPHA:612	MeSH:C538353
ORPHA:615	MeSH:C538262
ORPHA:624	MeSH:D019339
ORPHA:627	MeSH:C538336
ORPHA:63	MeSH:D009394
ORPHA:633	MeSH:D046150
ORPHA:63454	MeSH:C536309
ORPHA:636	MeSH:C538607
ORPHA:636	MeSH:D009456
ORPHA:637	MeSH:D009464
ORPHA:637	MeSH:D016518
ORPHA:638	MeSH:C537393
ORPHA:638	MeSH:D009456
ORPHA:64	MeSH:D056769
ORPHA:643	MeSH:D056768
ORPHA:646	MeSH:D052556
ORPHA:64686	MeSH:C531833
ORPHA:64686	MeSH:D020333
ORPHA:647	MeSH:C531759
ORPHA:647	MeSH:D049932
ORPHA:64734	MeSH:D057129
ORPHA:64739	MeSH:D016471
ORPHA:64748	MeSH:C538392
ORPHA:64752	MeSH:D000699
ORPHA:648	MeSH:D009634
ORPHA:649	MeSH:C537849
ORPHA:65	MeSH:D057130
ORPHA:652	MeSH:D018761
ORPHA:65283	MeSH:C536962
ORPHA:65284	MeSH:C537658
ORPHA:657	MeSH:D044903
ORPHA:664	MeSH:D020163
ORPHA:666	MeSH:D010013
ORPHA:66629	MeSH:C537279
ORPHA:67036	MeSH:C537128
ORPHA:67047	MeSH:C535311
ORPHA:672	MeSH:D054975
ORPHA:674	MeSH:C536003
ORPHA:675	MeSH:C536376
ORPHA:678	MeSH:D010214
ORPHA:679	MeSH:D054853
ORPHA:681	MeSH:D020514
ORPHA:682	MeSH:C535409
ORPHA:682	MeSH:D020513
ORPHA:683	MeSH:D013494
ORPHA:68335	MeSH:D002869
ORPHA:68364	MeSH:D006453
ORPHA:68367	MeSH:D008659
ORPHA:68367	MeSH:D008661
ORPHA:68373	MeSH:D018901
ORPHA:68380	MeSH:D028361
ORPHA:684	MeSH:C538616
ORPHA:69085	MeSH:C535903
ORPHA:69126	MeSH:C536253
ORPHA:69739	MeSH:C535397
ORPHA:7	MeSH:C535313
ORPHA:701	MeSH:C537055
ORPHA:702	MeSH:D020371
ORPHA:705	MeSH:C536648
ORPHA:70589	MeSH:D001997
ORPHA:70595	MeSH:C537583
ORPHA:708	MeSH:C537884
ORPHA:71	MeSH:C535460
ORPHA:710	MeSH:C538582
ORPHA:716	MeSH:D010661
ORPHA:71862	MeSH:D058499
ORPHA:72	MeSH:D017204
ORPHA:721	MeSH:D055652
ORPHA:726	MeSH:D002549
ORPHA:731	MeSH:D017044
ORPHA:73217	MeSH:C537371
ORPHA:733	MeSH:D011125
ORPHA:738	MeSH:D011164
ORPHA:739	MeSH:D011218
ORPHA:740	MeSH:D011371
ORPHA:742	MeSH:D056732
ORPHA:744	MeSH:D016715
ORPHA:746	MeSH:D024741
ORPHA:750	MeSH:C535819
ORPHA:75233	MeSH:D015223
ORPHA:75325	MeSH:C536064
ORPHA:75327	MeSH:C537835
ORPHA:75373	MeSH:C535356
ORPHA:75377	MeSH:C535358
ORPHA:75382	MeSH:C537743
ORPHA:754	MeSH:D013734
ORPHA:75496	MeSH:C536201
ORPHA:75497	MeSH:C536197
ORPHA:75563	MeSH:C536761
ORPHA:756	MeSH:D011546
ORPHA:758	MeSH:D011561
ORPHA:75858	MeSH:C536984
ORPHA:763	MeSH:D058631
ORPHA:765	MeSH:C536257
ORPHA:765	MeSH:D015325
ORPHA:769	MeSH:D056731
ORPHA:772	MeSH:D052919
ORPHA:77292	MeSH:D052536
ORPHA:77293	MeSH:D052537
ORPHA:77297	MeSH:C537839
ORPHA:773	MeSH:D012035
ORPHA:778	MeSH:D015518
ORPHA:782	MeSH:C535679
ORPHA:783	MeSH:D012415
ORPHA:790	MeSH:D012175
ORPHA:79095	MeSH:C535444
ORPHA:791	MeSH:D012174
ORPHA:79101	MeSH:C538385
ORPHA:79133	MeSH:C536385
ORPHA:79133	MeSH:C537068
ORPHA:79159	MeSH:C535541
ORPHA:79189	MeSH:C536664
ORPHA:79201	MeSH:D006008
ORPHA:79212	MeSH:D009081
ORPHA:79213	MeSH:D009083
ORPHA:79224	MeSH:D011686
ORPHA:79225	MeSH:D013106
ORPHA:79230	MeSH:C537247
ORPHA:79234	MeSH:C536212
ORPHA:79235	MeSH:C536213
ORPHA:79237	MeSH:C535999
ORPHA:79241	MeSH:D028921
ORPHA:79242	MeSH:D028922
ORPHA:79246	MeSH:C536258
ORPHA:79262	MeSH:C537950
ORPHA:79263	MeSH:C537948
ORPHA:79273	MeSH:D046349
ORPHA:79276	MeSH:D017118
ORPHA:79278	MeSH:D046351
ORPHA:79292	MeSH:C538467
ORPHA:79301	MeSH:C535442
ORPHA:79302	MeSH:C566340
ORPHA:79303	MeSH:C535443
ORPHA:79304	MeSH:C535934
ORPHA:79305	MeSH:C535935
ORPHA:79306	MeSH:C535933
ORPHA:79310	MeSH:C537360
ORPHA:79311	MeSH:C537361
ORPHA:79345	MeSH:C535941
ORPHA:79365	MeSH:D006983
ORPHA:79373	MeSH:D004476
ORPHA:79383	MeSH:D008209
ORPHA:79389	MeSH:D019588
ORPHA:79397	MeSH:C535959
ORPHA:79399	MeSH:C535961
ORPHA:79401	MeSH:C535962
ORPHA:79411	MeSH:C536979
ORPHA:79432	MeSH:C537730
ORPHA:79433	MeSH:C537189
ORPHA:79433	MeSH:C537731
ORPHA:79434	MeSH:C537729
ORPHA:79444	MeSH:C548076
ORPHA:79445	MeSH:D011556
ORPHA:79476	MeSH:C537301
ORPHA:79477	MeSH:C537302
ORPHA:79478	MeSH:C537303
ORPHA:79493	MeSH:C536611
ORPHA:79495	MeSH:C538388
ORPHA:79503	MeSH:C536088
ORPHA:796	MeSH:D012497
ORPHA:79665	MeSH:D005736
ORPHA:8	MeSH:C535317
ORPHA:8	MeSH:D014997
ORPHA:805	MeSH:D014402
ORPHA:808	MeSH:C537533
ORPHA:813	MeSH:D056730
ORPHA:816	MeSH:D016111
ORPHA:818	MeSH:D019082
ORPHA:819	MeSH:D058496
ORPHA:821	MeSH:D058495
ORPHA:822	MeSH:C536356
ORPHA:822	MeSH:D013103
ORPHA:823	MeSH:D016135
ORPHA:828	MeSH:C537492
ORPHA:83	MeSH:C537780
ORPHA:834	MeSH:C538523
ORPHA:83454	MeSH:C536827
ORPHA:83461	MeSH:C537786
ORPHA:839	MeSH:C535761
ORPHA:84	MeSH:D005199
ORPHA:845	MeSH:D013661
ORPHA:846	MeSH:D017085
ORPHA:848	MeSH:D017086
ORPHA:85	MeSH:D000742
ORPHA:851	MeSH:C538617
ORPHA:85110	MeSH:C536841
ORPHA:85136	MeSH:C567845
ORPHA:85174	MeSH:C535826
ORPHA:85182	MeSH:C536169
ORPHA:85186	MeSH:C535353
ORPHA:85195	MeSH:C536335
ORPHA:85199	MeSH:C536789
ORPHA:85202	MeSH:C536167
ORPHA:85273	MeSH:C535556
ORPHA:85274	MeSH:C537449
ORPHA:85278	MeSH:C537450
ORPHA:85282	MeSH:C537451
ORPHA:85283	MeSH:C537472
ORPHA:85285	MeSH:C536630
ORPHA:85287	MeSH:C537333
ORPHA:85292	MeSH:C537316
ORPHA:85297	MeSH:C537315
ORPHA:85443	MeSH:C531616
ORPHA:857	MeSH:C536974
ORPHA:867	MeSH:C536552
ORPHA:86789	MeSH:C535568
ORPHA:869	MeSH:C536008
ORPHA:869	MeSH:C536009
ORPHA:86920	MeSH:C535374
ORPHA:87	MeSH:D000168
ORPHA:881	MeSH:D014424
ORPHA:886	MeSH:D052245
ORPHA:88621	MeSH:C536271
ORPHA:88628	MeSH:C536343
ORPHA:88642	MeSH:D009477
ORPHA:88642	MeSH:D000699
ORPHA:88661	MeSH:D000567
ORPHA:887	MeSH:C536495
ORPHA:887	MeSH:C536534
ORPHA:888	MeSH:C536528
ORPHA:88918	MeSH:C536586
ORPHA:88919	MeSH:C536587
ORPHA:891	MeSH:C536382
ORPHA:892	MeSH:D006623
ORPHA:893	MeSH:C538295
ORPHA:893	MeSH:D017624
ORPHA:895	MeSH:C536463
ORPHA:898	MeSH:C536075
ORPHA:89844	MeSH:C537848
ORPHA:899	MeSH:D058494
ORPHA:9	MeSH:C536502
ORPHA:90	MeSH:D020162
ORPHA:90024	MeSH:C548011
ORPHA:90025	MeSH:D013576
ORPHA:90117	MeSH:C535717
ORPHA:90153	MeSH:C535705
ORPHA:90154	MeSH:C535706
ORPHA:90186	MeSH:D008538
ORPHA:902	MeSH:D014898
ORPHA:90280	MeSH:C535924
ORPHA:903	MeSH:D014842
ORPHA:90342	MeSH:C536766
ORPHA:90362	MeSH:C536567
ORPHA:90390	MeSH:C536378
ORPHA:904	MeSH:D018980
ORPHA:905	MeSH:D006527
ORPHA:906	MeSH:D014923
ORPHA:90647	MeSH:D029593
ORPHA:90652	MeSH:C538089
ORPHA:90653	MeSH:C537492
ORPHA:90654	MeSH:C537493
ORPHA:90658	MeSH:C537986
ORPHA:90658	MeSH:C538078
ORPHA:90790	MeSH:C537027
ORPHA:90795	MeSH:C535978
ORPHA:908	MeSH:D005600
ORPHA:909	MeSH:D019294
ORPHA:91	MeSH:C537436
ORPHA:910	MeSH:D014983
ORPHA:912	MeSH:D015211
ORPHA:91495	MeSH:D054514
ORPHA:91496	MeSH:C536677
ORPHA:916	MeSH:C535332
ORPHA:920	MeSH:C535557
ORPHA:921	MeSH:C535559
ORPHA:929	MeSH:C536010
ORPHA:93	MeSH:C538402
ORPHA:93	MeSH:D054880
ORPHA:931	MeSH:C536014
ORPHA:93111	MeSH:C535520
ORPHA:93271	MeSH:C537602
ORPHA:93276	MeSH:D005359
ORPHA:93277	MeSH:D005358
ORPHA:93296	MeSH:C536017
ORPHA:93298	MeSH:C536016
ORPHA:93299	MeSH:C536015
ORPHA:93307	MeSH:C535504
ORPHA:93308	MeSH:C535501
ORPHA:93311	MeSH:C535505
ORPHA:93314	MeSH:C535797
ORPHA:93315	MeSH:C535793
ORPHA:93317	MeSH:C535798
ORPHA:93333	MeSH:C535550
ORPHA:93347	MeSH:C538256
ORPHA:93360	MeSH:C535784
ORPHA:93372	MeSH:C537145
ORPHA:93382	MeSH:C537092
ORPHA:93384	MeSH:C537093
ORPHA:93388	MeSH:C537088
ORPHA:93396	MeSH:C537089
ORPHA:93403	MeSH:C538153
ORPHA:93404	MeSH:C538154
ORPHA:93406	MeSH:C538155
ORPHA:93437	MeSH:C535658
ORPHA:93442	MeSH:D002806
ORPHA:935	MeSH:C536020
ORPHA:93571	MeSH:D015432
ORPHA:93598	MeSH:C536414
ORPHA:93608	MeSH:C538565
ORPHA:93622	MeSH:C538212
ORPHA:939	MeSH:C535312
ORPHA:93921	MeSH:C536641
ORPHA:93928	MeSH:D004842
ORPHA:93930	MeSH:D001746
ORPHA:93972	MeSH:C537457
ORPHA:93976	MeSH:C537772
ORPHA:94068	MeSH:C535788
ORPHA:94086	MeSH:C536239
ORPHA:94089	MeSH:C548075
ORPHA:94090	MeSH:C548077
ORPHA:941	MeSH:C535767
ORPHA:943	MeSH:C535702
ORPHA:946	MeSH:D000168
ORPHA:95	MeSH:D005621
ORPHA:950	MeSH:C538179
ORPHA:95159	MeSH:D017121
ORPHA:952	MeSH:C536695
ORPHA:95430	MeSH:C557675
ORPHA:955	MeSH:C531695
ORPHA:955	MeSH:C535663
ORPHA:955	MeSH:D031845
ORPHA:958	MeSH:C535665
ORPHA:96	MeSH:C535393
ORPHA:96061	MeSH:C537940
ORPHA:96068	MeSH:C536796
ORPHA:96102	MeSH:C538087
ORPHA:96103	MeSH:C538294
ORPHA:96170	MeSH:C535733
ORPHA:96173	MeSH:C538022
ORPHA:96176	MeSH:C538303
ORPHA:96177	MeSH:C538035
ORPHA:96321	MeSH:D011123
ORPHA:96334	MeSH:C536471
ORPHA:96346	MeSH:C537771
ORPHA:965	MeSH:C535655
ORPHA:969	MeSH:C535662
ORPHA:97229	MeSH:C537111
ORPHA:97238	MeSH:C535685
ORPHA:97244	MeSH:C535683
ORPHA:97249	MeSH:C548072
ORPHA:97340	MeSH:C536072
ORPHA:97345	MeSH:C538208
ORPHA:97346	MeSH:C538209
ORPHA:97363	MeSH:D021782
ORPHA:97364	MeSH:D021782
ORPHA:97364	MeSH:C537373
ORPHA:974	MeSH:C538225
ORPHA:97593	MeSH:D011547
ORPHA:977	MeSH:C538051
ORPHA:978	MeSH:C538052
ORPHA:98	MeSH:C536787
ORPHA:98249	MeSH:D004535
ORPHA:98261	MeSH:D020191
ORPHA:983	MeSH:C537770
ORPHA:98306	MeSH:D052496
ORPHA:98473	MeSH:D009136
ORPHA:98578	MeSH:D001763
ORPHA:98672	MeSH:D029241
ORPHA:98760	MeSH:C537307
ORPHA:98763	MeSH:C537196
ORPHA:98764	MeSH:C537204
ORPHA:98768	MeSH:C537195
ORPHA:98771	MeSH:C537197
ORPHA:98772	MeSH:C537198
ORPHA:98773	MeSH:C537200
ORPHA:988	MeSH:C535564
ORPHA:98810	MeSH:C537181
ORPHA:98819	MeSH:C536956
ORPHA:98855	MeSH:D020389
ORPHA:98856	MeSH:C537990
ORPHA:98878	MeSH:D006467
ORPHA:98879	MeSH:D002836
ORPHA:98892	MeSH:D054091
ORPHA:98895	MeSH:C537666
ORPHA:98896	MeSH:D020388
ORPHA:98954	MeSH:D053559
ORPHA:98957	MeSH:C535480
ORPHA:98960	MeSH:C535942
ORPHA:98961	MeSH:C535476
ORPHA:98963	MeSH:C535474
ORPHA:98964	MeSH:C537881
ORPHA:98967	MeSH:C535475
ORPHA:98988	MeSH:C538282
ORPHA:98989	MeSH:C537955
ORPHA:98994	MeSH:C535341
ORPHA:98995	MeSH:C535342
ORPHA:99015	MeSH:C536857
ORPHA:99105	MeSH:C548009
ORPHA:99106	MeSH:C548006
ORPHA:99361	MeSH:C536911
ORPHA:99739	MeSH:D024741
ORPHA:99741	MeSH:C536883
ORPHA:99742	MeSH:C538247
ORPHA:99750	MeSH:C537240
ORPHA:99776	MeSH:C535454
ORPHA:99789	MeSH:C538215
ORPHA:99792	MeSH:C538213
ORPHA:99797	MeSH:D000848
ORPHA:998	MeSH:C537042
ORPHA:99803	MeSH:C536209
ORPHA:99810	MeSH:C536850
ORPHA:99811	MeSH:C537394
ORPHA:99819	MeSH:C566384
ORPHA:99842	MeSH:C535887
ORPHA:99877	MeSH:C564166
ORPHA:99898	MeSH:C535530
ORPHA:999	MeSH:C535508
ORPHA:99900	MeSH:C535690
ORPHA:99948	MeSH:C535419
ORPHA:99949	MeSH:C535423
ORPHA:99950	MeSH:C535716
ORPHA:99951	MeSH:C535301
ORPHA:99955	MeSH:C535420
ORPHA:99956	MeSH:C535421
ORPHA:99960	MeSH:C535930
ORPHA:99961	MeSH:C535931
ORPHA:182098	MeSH:D011009
ORPHA:2495	MeSH:D008579
ORPHA:3389	MeSH:D014376
ORPHA:586	MeSH:D003550
ORPHA:654	MeSH:D009396
ORPHA:102	MeSH:D019578
ORPHA:108	MeSH:D001404
ORPHA:1134	MeSH:C537438
ORPHA:1221	MeSH:C535921
ORPHA:129	MeSH:C531609
ORPHA:1330	MeSH:C536112
ORPHA:142	MeSH:C536910
ORPHA:157835	MeSH:D051302
ORPHA:1659	MeSH:C538220
ORPHA:171	MeSH:C536419
ORPHA:178029	MeSH:D020790
ORPHA:182090	MeSH:C536282
ORPHA:183	MeSH:C531653
ORPHA:183	MeSH:D015267
ORPHA:1969	MeSH:C536384
ORPHA:199251	MeSH:C537000
ORPHA:2017	MeSH:C537489
ORPHA:2073	MeSH:D009290
ORPHA:2074	MeSH:C537678
ORPHA:2126	MeSH:D006393
ORPHA:216694	MeSH:C535426
ORPHA:221091	MeSH:D014277
ORPHA:2321	MeSH:C537694
ORPHA:238606	MeSH:C536418
ORPHA:244242	MeSH:D017359
ORPHA:2552	MeSH:D016881
ORPHA:2672	MeSH:C536407
ORPHA:2720	MeSH:C537866
ORPHA:2764	MeSH:D010008
ORPHA:2842	MeSH:C536650
ORPHA:3000	MeSH:C536961
ORPHA:3023	MeSH:C535290
ORPHA:31205	MeSH:D011906
ORPHA:3318	MeSH:D013920
ORPHA:33577	MeSH:D010201
ORPHA:3398	MeSH:C536905
ORPHA:3465	MeSH:C536747
ORPHA:3469	MeSH:C536767
ORPHA:36397	MeSH:D000274
ORPHA:441	MeSH:C544351
ORPHA:441	MeSH:D054970
ORPHA:48686	MeSH:D054685
ORPHA:49	MeSH:C536649
ORPHA:49566	MeSH:D014884
ORPHA:49566	MeSH:D055665
ORPHA:499	MeSH:C536165
ORPHA:514	MeSH:D007948
ORPHA:517	MeSH:D015479
ORPHA:520	MeSH:D015473
ORPHA:52416	MeSH:D020522
ORPHA:525	MeSH:C535892
ORPHA:535	MeSH:D008178
ORPHA:545	MeSH:D008224
ORPHA:549	MeSH:D007876
ORPHA:549	MeSH:D007877
ORPHA:592	MeSH:C537829
ORPHA:60032	MeSH:C535297
ORPHA:60039	MeSH:D060545
ORPHA:63275	MeSH:D006559
ORPHA:63862	MeSH:C536633
ORPHA:65684	MeSH:C538253
ORPHA:66646	MeSH:D034701
ORPHA:66661	MeSH:D012515
ORPHA:67043	MeSH:D015823
ORPHA:677	MeSH:C537162
ORPHA:69	MeSH:D000686
ORPHA:71211	MeSH:D009471
ORPHA:71272	MeSH:C537234
ORPHA:727	MeSH:D055953
ORPHA:770	MeSH:D011818
ORPHA:79358	MeSH:D017499
ORPHA:79455	MeSH:D054705
ORPHA:79457	MeSH:D014582
ORPHA:81	MeSH:C537778
ORPHA:829	MeSH:D014924
ORPHA:829	MeSH:D016706
ORPHA:83317	MeSH:D012612
ORPHA:86839	MeSH:D000754
ORPHA:86884	MeSH:C537503
ORPHA:88	MeSH:C538494
ORPHA:900	MeSH:D014890
ORPHA:90000	MeSH:C535509
ORPHA:90035	MeSH:C538618
ORPHA:901	MeSH:C536693
ORPHA:91385	MeSH:C538173
ORPHA:91547	MeSH:D012061
ORPHA:92	MeSH:D001171
ORPHA:93672	MeSH:C538250
ORPHA:94058	MeSH:D015355
ORPHA:95613	MeSH:D010899
ORPHA:98292	MeSH:D008415
ORPHA:98375	MeSH:D000744
ORPHA:98826	MeSH:D000753
ORPHA:99824	MeSH:D007835
ORPHA:99828	MeSH:D003715
ORPHA:99829	MeSH:D015004
ORPHA:99921	MeSH:D006086
ORPHA:99928	MeSH:D018245
ORPHA:99967	MeSH:D018208
ORPHA:60014	MeSH:D001129
ORPHA:64692	MeSH:D001474
ORPHA:64694	MeSH:D014205
ORPHA:64722	MeSH:D058890
ORPHA:64745	MeSH:C535817
ORPHA:67	MeSH:C531613
ORPHA:68381	MeSH:D009468
ORPHA:71279	MeSH:C537980
ORPHA:74	MeSH:C536369
ORPHA:78	MeSH:D000724
ORPHA:78	MeSH:D006725
ORPHA:79098	MeSH:D009879
ORPHA:79139	MeSH:D004672
ORPHA:79148	MeSH:C536202
ORPHA:83313	MeSH:D001907
ORPHA:83314	MeSH:D014438
ORPHA:83451	MeSH:C537063
ORPHA:83483	MeSH:D004670
ORPHA:83484	MeSH:D004674
ORPHA:83595	MeSH:D003121
ORPHA:863	MeSH:D014235
ORPHA:864	MeSH:C536553
ORPHA:86850	MeSH:D023981
ORPHA:86852	MeSH:D054403
ORPHA:86871	MeSH:D015461
ORPHA:86875	MeSH:D015459
ORPHA:86879	MeSH:D054391
ORPHA:86880	MeSH:D058527
ORPHA:86885	MeSH:D016411
ORPHA:86896	MeSH:D054747
ORPHA:86897	MeSH:D054752
ORPHA:86900	MeSH:D054739
ORPHA:86902	MeSH:D054740
ORPHA:879	MeSH:D058285
ORPHA:90281	MeSH:D008179
ORPHA:90285	MeSH:D015435
ORPHA:98275	MeSH:D054437
ORPHA:98427	MeSH:D011086
ORPHA:104008	MeSH:D012778
ORPHA:104010	MeSH:D044483
ORPHA:1047	MeSH:D000756
ORPHA:1223	MeSH:C531629
ORPHA:1223	MeSH:D001447
ORPHA:133	MeSH:D001607
ORPHA:141148	MeSH:C535862
ORPHA:156152	MeSH:D056648
ORPHA:157987	MeSH:D015616
ORPHA:211266	MeSH:D001165
ORPHA:243367	MeSH:C537957
ORPHA:52759	MeSH:D014657
ORPHA:52759	MeSH:D056647
ORPHA:530995	MeSH:D015456
ORPHA:536	MeSH:D008180
ORPHA:58017	MeSH:D007943
ORPHA:67038	MeSH:D015451
ORPHA:69665	MeSH:C535932
ORPHA:79379	MeSH:D017445
ORPHA:86834	MeSH:D054429
ORPHA:86849	MeSH:D015471
ORPHA:86872	MeSH:D054066
ORPHA:883	MeSH:D013724
ORPHA:91414	MeSH:D018296
ORPHA:91481	MeSH:C535684
ORPHA:95432	MeSH:D018888
ORPHA:98300	MeSH:D054988
ORPHA:98823	MeSH:D015477
ORPHA:99915	MeSH:D006106
ORPHA:100067	MeSH:D014884
ORPHA:1041	MeSH:D015160
ORPHA:1053	MeSH:C536535
ORPHA:1070	MeSH:D017129
ORPHA:1160	MeSH:D002915
ORPHA:1163	MeSH:D001228
ORPHA:1164	MeSH:D001229
ORPHA:117	MeSH:D001528
ORPHA:1183	MeSH:D053578
ORPHA:1199	MeSH:D004933
ORPHA:1209	MeSH:D018785
ORPHA:1247	MeSH:D012552
ORPHA:1267	MeSH:D001906
ORPHA:1302	MeSH:D018549
ORPHA:1304	MeSH:D002006
ORPHA:131	MeSH:D006502
ORPHA:1320	MeSH:C537968
ORPHA:1321	MeSH:C537287
ORPHA:1321	MeSH:C537974
ORPHA:1332	MeSH:C536914
ORPHA:137817	MeSH:D001100
ORPHA:137839	MeSH:D057831
ORPHA:137914	MeSH:D002754
ORPHA:140896	MeSH:D045169
ORPHA:1455	MeSH:C531623
ORPHA:1457	MeSH:C531623
ORPHA:1457	MeSH:D001017
ORPHA:1467	MeSH:D055952
ORPHA:1489	MeSH:D014917
ORPHA:150	MeSH:C538339
ORPHA:1501	MeSH:D018268
ORPHA:1546	MeSH:D003453
ORPHA:1549	MeSH:D003457
ORPHA:1556	MeSH:C536226
ORPHA:1560	MeSH:D003551
ORPHA:157791	MeSH:D018323
ORPHA:157823	MeSH:D020232
ORPHA:158000	MeSH:D014972
ORPHA:160	MeSH:C536362
ORPHA:160	MeSH:D005871
ORPHA:163699	MeSH:D018234
ORPHA:1656	MeSH:D003874
ORPHA:166291	MeSH:D004184
ORPHA:1666	MeSH:D003914
ORPHA:1679	MeSH:D004165
ORPHA:168956	MeSH:D017681
ORPHA:171676	MeSH:D007969
ORPHA:173	MeSH:D002771
ORPHA:185	MeSH:D012587
ORPHA:188	MeSH:D019559
ORPHA:1906	MeSH:C536525
ORPHA:1912	MeSH:C537922
ORPHA:1913	MeSH:C537798
ORPHA:1915	MeSH:D005310
ORPHA:1929	MeSH:C535291
ORPHA:199244	MeSH:D009347
ORPHA:199323	MeSH:D009877
ORPHA:2014	MeSH:D002972
ORPHA:2023	MeSH:D051677
ORPHA:2030	MeSH:D005354
ORPHA:2032	MeSH:D054990
ORPHA:2034	MeSH:D005368
ORPHA:2037	MeSH:C537782
ORPHA:204	MeSH:D007562
ORPHA:2048	MeSH:C537069
ORPHA:2070	MeSH:C535952
ORPHA:2103	MeSH:D020275
ORPHA:2140	MeSH:C538080
ORPHA:2158	MeSH:C538321
ORPHA:217074	MeSH:D010190
ORPHA:217260	MeSH:D007968
ORPHA:221	MeSH:D003882
ORPHA:221074	MeSH:D054319
ORPHA:2248	MeSH:D018636
ORPHA:228123	MeSH:D003047
ORPHA:231	MeSH:D004320
ORPHA:2357	MeSH:D001994
ORPHA:2368	MeSH:D020139
ORPHA:2400	MeSH:C536988
ORPHA:2404	MeSH:D008118
ORPHA:2467	MeSH:D034721
ORPHA:2481	MeSH:C537387
ORPHA:2483	MeSH:D008556
ORPHA:2538	MeSH:C537554
ORPHA:2582	MeSH:D016603
ORPHA:2583	MeSH:D008271
ORPHA:2665	MeSH:D018201
ORPHA:26790	MeSH:D011553
ORPHA:2695	MeSH:C535441
ORPHA:2700	MeSH:D009625
ORPHA:2807	MeSH:D020288
ORPHA:2881	MeSH:C536224
ORPHA:290	MeSH:D012410
ORPHA:2905	MeSH:D016878
ORPHA:29073	MeSH:D009101
ORPHA:2912	MeSH:D011051
ORPHA:29207	MeSH:D016918
ORPHA:2965	MeSH:D015175
ORPHA:3002	MeSH:D016553
ORPHA:3018	MeSH:C535283
ORPHA:3026	MeSH:C536263
ORPHA:3026	MeSH:C537280
ORPHA:3099	MeSH:D012213
ORPHA:31202	MeSH:D008554
ORPHA:31204	MeSH:C536125
ORPHA:3130	MeSH:C536616
ORPHA:3162	MeSH:D012751
ORPHA:31740	MeSH:D000542
ORPHA:3181	MeSH:C535802
ORPHA:3189	MeSH:D011666
ORPHA:3243	MeSH:D016463
ORPHA:3280	MeSH:D013595
ORPHA:3287	MeSH:D013625
ORPHA:3299	MeSH:D013742
ORPHA:3303	MeSH:D013771
ORPHA:33226	MeSH:D008258
ORPHA:33276	MeSH:D012514
ORPHA:3343	MeSH:D014120
ORPHA:3346	MeSH:C536975
ORPHA:3347	MeSH:D014137
ORPHA:3392	MeSH:D014406
ORPHA:340	MeSH:C535630
ORPHA:340	MeSH:D006480
ORPHA:3403	MeSH:C536932
ORPHA:3452	MeSH:C531849
ORPHA:3452	MeSH:D008061
ORPHA:35687	MeSH:D031249
ORPHA:360	MeSH:D005909
ORPHA:36204	MeSH:D008201
ORPHA:36426	MeSH:D013262
ORPHA:37202	MeSH:D018856
ORPHA:37748	MeSH:D019873
ORPHA:389	MeSH:D006646
ORPHA:390	MeSH:D006660
ORPHA:39044	MeSH:C536494
ORPHA:397	MeSH:D013700
ORPHA:43393	MeSH:D015624
ORPHA:449	MeSH:D018197
ORPHA:47612	MeSH:D005258
ORPHA:48104	MeSH:D017511
ORPHA:482	MeSH:D000796
ORPHA:49041	MeSH:D012185
ORPHA:50251	MeSH:D008654
ORPHA:507	MeSH:D007896
ORPHA:50839	MeSH:D002372
ORPHA:509	MeSH:D007922
ORPHA:52688	MeSH:D009190
ORPHA:53035	MeSH:C531647
ORPHA:53035	MeSH:D016767
ORPHA:533	MeSH:D008088
ORPHA:54028	MeSH:D011004
ORPHA:54057	MeSH:D011697
ORPHA:54272	MeSH:D018248
ORPHA:543	MeSH:D002051
ORPHA:543	MeSH:D008228
ORPHA:54595	MeSH:D003397
ORPHA:548	MeSH:D007918
ORPHA:553	MeSH:D000308
ORPHA:553	MeSH:D003480
ORPHA:55880	MeSH:D002813
ORPHA:58040	MeSH:D018215
ORPHA:589	MeSH:D009157
ORPHA:616	MeSH:D008527
ORPHA:635	MeSH:C536408
ORPHA:635	MeSH:D009447
ORPHA:63999	MeSH:C536136
ORPHA:64720	MeSH:D007890
ORPHA:64741	MeSH:D018202
ORPHA:64742	MeSH:C537516
ORPHA:66627	MeSH:D013586
ORPHA:668	MeSH:D012516
ORPHA:673	MeSH:D008288
ORPHA:69077	MeSH:D018335
ORPHA:69078	MeSH:D008080
ORPHA:703	MeSH:D010391
ORPHA:70567	MeSH:D001650
ORPHA:70567	MeSH:D018281
ORPHA:70588	MeSH:D008471
ORPHA:707	MeSH:D010930
ORPHA:707	MeSH:D015009
ORPHA:71273	MeSH:D059228
ORPHA:728	MeSH:D011081
ORPHA:729	MeSH:D011087
ORPHA:732	MeSH:D017285
ORPHA:73247	MeSH:D057765
ORPHA:73260	MeSH:D010229
ORPHA:73263	MeSH:D009091
ORPHA:73263	MeSH:D020096
ORPHA:76	MeSH:D013322
ORPHA:764	MeSH:D052880
ORPHA:767	MeSH:D010488
ORPHA:780	MeSH:D012208
ORPHA:781	MeSH:D011778
ORPHA:79078	MeSH:D008882
ORPHA:803	MeSH:D000690
ORPHA:809	MeSH:D008947
ORPHA:820	MeSH:D018860
ORPHA:826	MeSH:D013174
ORPHA:83311	MeSH:D012373
ORPHA:83452	MeSH:D020918
ORPHA:83463	MeSH:C537772
ORPHA:83469	MeSH:D058405
ORPHA:838	MeSH:D055955
ORPHA:85138	MeSH:D000224
ORPHA:858	MeSH:D014125
ORPHA:86855	MeSH:D010954
ORPHA:86864	MeSH:D006362
ORPHA:86869	MeSH:D008230
ORPHA:870	MeSH:D004314
ORPHA:88673	MeSH:D006528
ORPHA:890	MeSH:D006504
ORPHA:90050	MeSH:D012178
ORPHA:90062	MeSH:D017114
ORPHA:90289	MeSH:D012594
ORPHA:90290	MeSH:D017675
ORPHA:913	MeSH:D015043
ORPHA:913	MeSH:D015408
ORPHA:91500	MeSH:C536922
ORPHA:91546	MeSH:D008193
ORPHA:930	MeSH:C536011
ORPHA:93932	MeSH:C537923
ORPHA:94	MeSH:D001254
ORPHA:94093	MeSH:D009459
ORPHA:945	MeSH:D009436
ORPHA:945	MeSH:C535570
ORPHA:95455	MeSH:D004816
ORPHA:95854	MeSH:D007979
ORPHA:96253	MeSH:D047748
ORPHA:963	MeSH:D000172
ORPHA:97279	MeSH:D007340
ORPHA:97280	MeSH:D005935
ORPHA:97282	MeSH:D003969
ORPHA:97283	MeSH:D013005
ORPHA:97330	MeSH:D013901
ORPHA:97352	MeSH:D010383
ORPHA:98919	MeSH:D019846
ORPHA:99054	MeSH:D011666
ORPHA:99725	MeSH:D005877
ORPHA:99756	MeSH:D018232
ORPHA:99757	MeSH:D018233
ORPHA:99867	MeSH:D013945
ORPHA:99906	MeSH:D005203
ORPHA:99908	MeSH:D001716
ORPHA:99927	MeSH:D006828
ORPHA:99931	MeSH:C536281
ORPHA:99978	MeSH:D018285
ORPHA:2391	MeSH:C536448
ORPHA:247203	MeSH:D002292
ORPHA:2737	MeSH:D009855
ORPHA:2737	MeSH:D015827
ORPHA:2800	MeSH:D010145
ORPHA:284	MeSH:C536591
ORPHA:297	MeSH:D004675
ORPHA:2982	MeSH:D058489
ORPHA:541	MeSH:D054446
ORPHA:544	MeSH:D016403
ORPHA:90771	MeSH:D012734
ORPHA:98715	MeSH:D014605
ORPHA:98818	MeSH:D018887
ORPHA:98841	MeSH:D017728
ORPHA:3096	MeSH:D012202
ORPHA:33475	MeSH:D008585
ORPHA:33543	MeSH:D017593
ORPHA:3385	MeSH:D014353
ORPHA:36236	MeSH:D013206
ORPHA:400	MeSH:D004443
ORPHA:401	MeSH:D006925
ORPHA:40923	MeSH:C538011
ORPHA:98085	MeSH:D058490
ORPHA:98503	MeSH:D016472
ORPHA:157843	MeSH:D051303
ORPHA:158011	MeSH:D058252
ORPHA:158061	MeSH:D055501
ORPHA:163892	MeSH:D020363
ORPHA:167635	MeSH:D053718
ORPHA:167848	MeSH:D009202
ORPHA:168966	MeSH:D058617
ORPHA:171700	MeSH:C536174
ORPHA:171901	MeSH:D016410
ORPHA:178320	MeSH:D055371
ORPHA:178517	MeSH:D056267
ORPHA:178536	MeSH:D018442
ORPHA:180226	MeSH:D018236
ORPHA:180261	MeSH:D003557
ORPHA:180275	MeSH:D010144
ORPHA:182	MeSH:D002862
ORPHA:182067	MeSH:D005910
ORPHA:182095	MeSH:D017563
ORPHA:182127	MeSH:D018237
ORPHA:1902	MeSH:D016873
ORPHA:206976	MeSH:D010245
ORPHA:210272	MeSH:C537840
ORPHA:2122	MeSH:C537007
ORPHA:213711	MeSH:D018203
ORPHA:217067	MeSH:D019449
ORPHA:217071	MeSH:D002292
ORPHA:217569	MeSH:D002312
ORPHA:217604	MeSH:D002311
ORPHA:217632	MeSH:D002313
ORPHA:221117	MeSH:D005862
ORPHA:223735	MeSH:D008223
ORPHA:310	MeSH:D020195
ORPHA:519	MeSH:D015470
ORPHA:547	MeSH:D008228
ORPHA:68354	MeSH:D012893
ORPHA:75110	MeSH:D009198
ORPHA:79354	MeSH:D007057
ORPHA:86829	MeSH:D015467
ORPHA:95708	MeSH:D011629
ORPHA:97275	MeSH:D004660
ORPHA:98274	MeSH:D009196
ORPHA:98472	MeSH:D009135
ORPHA:98731	MeSH:D001164
ORPHA:98824	MeSH:D054438
ORPHA:98842	MeSH:D017731
ORPHA:43116	MeSH:D020230
ORPHA:472	MeSH:D021865
ORPHA:504	MeSH:D007815
ORPHA:54368	MeSH:D012523
ORPHA:55655	MeSH:D008586
ORPHA:57145	MeSH:D050798
ORPHA:86851	MeSH:D015456
ORPHA:93573	MeSH:D057049
ORPHA:98851	MeSH:D007946
ORPHA:93292	MeSH:C538110
ORPHA:93585	MeSH:C536901
ORPHA:93686	MeSH:C537372
ORPHA:98491	MeSH:D020511
ORPHA:98845	MeSH:D006689
ORPHA:98871	MeSH:C536980
