ORPHA:117602	HGNC:18145
ORPHA:117605	HGNC:7323
ORPHA:117613	HGNC:13666
ORPHA:117617	HGNC:23
ORPHA:117620	HGNC:14637
ORPHA:117623	HGNC:34
ORPHA:117631	HGNC:42
ORPHA:117639	HGNC:45
ORPHA:117646	HGNC:48
ORPHA:117652	HGNC:53
ORPHA:117658	HGNC:57
ORPHA:117665	HGNC:59
ORPHA:117673	HGNC:60
ORPHA:117677	HGNC:61
ORPHA:117683	HGNC:13886
ORPHA:117685	HGNC:13887
ORPHA:117687	HGNC:21396
ORPHA:117691	HGNC:76
ORPHA:117700	HGNC:89
ORPHA:117705	HGNC:90
ORPHA:117709	HGNC:91
ORPHA:117713	HGNC:92
ORPHA:117718	HGNC:319
ORPHA:117724	HGNC:93
ORPHA:117728	HGNC:2707
ORPHA:117738	HGNC:119
ORPHA:117743	HGNC:3571
ORPHA:117750	HGNC:129
ORPHA:117753	HGNC:143
ORPHA:117757	HGNC:166
ORPHA:117759	HGNC:171
ORPHA:117764	HGNC:175
ORPHA:117771	HGNC:186
ORPHA:117773	HGNC:13201
ORPHA:117776	HGNC:1366
ORPHA:117780	HGNC:218
ORPHA:117785	HGNC:8923
ORPHA:117790	HGNC:8925
ORPHA:117793	HGNC:8926
ORPHA:117797	HGNC:8927
ORPHA:117799	HGNC:691
ORPHA:117805	HGNC:9143
ORPHA:117810	HGNC:8940
ORPHA:117818	HGNC:18858
ORPHA:117820	HGNC:8975
ORPHA:117822	HGNC:14581
ORPHA:117825	HGNC:23785
ORPHA:117832	HGNC:9005
ORPHA:117844	HGNC:9006
ORPHA:117846	HGNC:9008
ORPHA:117849	HGNC:9009
ORPHA:117853	HGNC:9016
ORPHA:117861	HGNC:9020
ORPHA:117868	HGNC:9023
ORPHA:117871	HGNC:9024
ORPHA:117873	HGNC:9039
ORPHA:117877	HGNC:9069
ORPHA:117882	HGNC:24501
ORPHA:117886	HGNC:9071
ORPHA:117888	HGNC:9081
ORPHA:117892	HGNC:9082
ORPHA:117894	HGNC:9086
ORPHA:117898	HGNC:9113
ORPHA:117903	HGNC:9115
ORPHA:117908	HGNC:9118
ORPHA:117913	HGNC:9121
ORPHA:117916	HGNC:9122
ORPHA:117925	HGNC:9179
ORPHA:117927	HGNC:9180
ORPHA:117931	HGNC:9181
ORPHA:117935	HGNC:19139
ORPHA:117939	HGNC:9202
ORPHA:117942	HGNC:19743
ORPHA:117944	HGNC:9208
ORPHA:117948	HGNC:9210
ORPHA:117952	HGNC:9217
ORPHA:117957	HGNC:9220
ORPHA:117961	HGNC:21694
ORPHA:117964	HGNC:9236
ORPHA:117969	HGNC:9280
ORPHA:117973	HGNC:9305
ORPHA:117978	HGNC:9325
ORPHA:117983	HGNC:9330
ORPHA:117989	HGNC:9343
ORPHA:117992	HGNC:32528
ORPHA:117995	HGNC:9360
ORPHA:118000	HGNC:9364
ORPHA:118006	HGNC:9386
ORPHA:118010	HGNC:9388
ORPHA:118014	HGNC:9402
ORPHA:118020	HGNC:9411
ORPHA:118023	HGNC:9449
ORPHA:118030	HGNC:9451
ORPHA:118032	HGNC:9453
ORPHA:118039	HGNC:18455
ORPHA:118044	HGNC:15836
ORPHA:118051	HGNC:9455
ORPHA:118053	HGNC:9456
ORPHA:118056	HGNC:17348
ORPHA:118061	HGNC:15446
ORPHA:118066	HGNC:17340
ORPHA:118070	HGNC:9942
ORPHA:118076	HGNC:9462
ORPHA:118080	HGNC:9475
ORPHA:118083	HGNC:9477
ORPHA:118087	HGNC:9495
ORPHA:118092	HGNC:13797
ORPHA:118095	HGNC:9498
ORPHA:118099	HGNC:9508
ORPHA:118105	HGNC:9509
ORPHA:118111	HGNC:9577
ORPHA:118114	HGNC:9580
ORPHA:118121	HGNC:9585
ORPHA:118126	HGNC:9586
ORPHA:118128	HGNC:9588
ORPHA:118135	HGNC:23734
ORPHA:118138	HGNC:9606
ORPHA:118140	HGNC:9608
ORPHA:118143	HGNC:9644
ORPHA:118151	HGNC:9666
ORPHA:118157	HGNC:9689
ORPHA:118160	HGNC:15508
ORPHA:118162	HGNC:9706
ORPHA:118174	HGNC:9717
ORPHA:118180	HGNC:9725
ORPHA:118182	HGNC:9726
ORPHA:118184	HGNC:9752
ORPHA:118188	HGNC:9766
ORPHA:118194	HGNC:17063
ORPHA:118200	HGNC:17168
ORPHA:118205	HGNC:9788
ORPHA:118208	HGNC:9817
ORPHA:118215	HGNC:9831
ORPHA:118218	HGNC:9832
ORPHA:118220	HGNC:9834
ORPHA:118222	HGNC:9863
ORPHA:118227	HGNC:9864
ORPHA:118231	HGNC:9871
ORPHA:118239	HGNC:9884
ORPHA:118246	HGNC:19689
ORPHA:118250	HGNC:19977
ORPHA:118253	HGNC:9940
ORPHA:118257	HGNC:9949
ORPHA:118260	HGNC:25786
ORPHA:118272	HGNC:9957
ORPHA:118274	HGNC:9967
ORPHA:118283	HGNC:9970
ORPHA:118286	HGNC:9986
ORPHA:118288	HGNC:9987
ORPHA:118293	HGNC:9988
ORPHA:118295	HGNC:9990
ORPHA:118299	HGNC:10004
ORPHA:118301	HGNC:30304
ORPHA:118307	HGNC:10006
ORPHA:118311	HGNC:10008
ORPHA:118315	HGNC:10012
ORPHA:118319	HGNC:17282
ORPHA:118326	HGNC:10024
ORPHA:118329	HGNC:18518
ORPHA:118335	HGNC:25671
ORPHA:118340	HGNC:24116
ORPHA:118344	HGNC:10050
ORPHA:118347	HGNC:17023
ORPHA:118352	HGNC:13433
ORPHA:118358	HGNC:10254
ORPHA:118362	HGNC:10257
ORPHA:118367	HGNC:10263
ORPHA:118370	HGNC:10274
ORPHA:118373	HGNC:10288
ORPHA:118376	HGNC:10294
ORPHA:118381	HGNC:10295
ORPHA:118388	HGNC:13436
ORPHA:118393	HGNC:10298
ORPHA:118400	HGNC:10402
ORPHA:118403	HGNC:10411
ORPHA:118405	HGNC:10432
ORPHA:118411	HGNC:10457
ORPHA:118415	HGNC:21679
ORPHA:118419	HGNC:16175
ORPHA:118423	HGNC:10471
ORPHA:118429	HGNC:10472
ORPHA:118437	HGNC:10483
ORPHA:118443	HGNC:10484
ORPHA:118445	HGNC:10519
ORPHA:118449	HGNC:10521
ORPHA:118451	HGNC:10524
ORPHA:118456	HGNC:15924
ORPHA:118460	HGNC:1348
ORPHA:118465	HGNC:10535
ORPHA:118468	HGNC:10536
ORPHA:118476	HGNC:19440
ORPHA:118482	HGNC:2135
ORPHA:118487	HGNC:10547
ORPHA:118489	HGNC:10585
ORPHA:118498	HGNC:10586
ORPHA:118500	HGNC:10588
ORPHA:118507	HGNC:10591
ORPHA:118513	HGNC:10593
ORPHA:118525	HGNC:10597
ORPHA:118532	HGNC:10599
ORPHA:118536	HGNC:10600
ORPHA:118539	HGNC:10602
ORPHA:118543	HGNC:10603
ORPHA:118546	HGNC:10604
ORPHA:118549	HGNC:10680
ORPHA:118554	HGNC:10681
ORPHA:118558	HGNC:10682
ORPHA:118561	HGNC:10683
ORPHA:118565	HGNC:10701
ORPHA:118567	HGNC:21082
ORPHA:118590	HGNC:10727
ORPHA:118596	HGNC:15999
ORPHA:118602	HGNC:8941
ORPHA:118609	HGNC:775
ORPHA:118613	HGNC:8583
ORPHA:118618	HGNC:1228
ORPHA:118623	HGNC:8943
ORPHA:118627	HGNC:445
ORPHA:118633	HGNC:10798
ORPHA:118639	HGNC:10801
ORPHA:118643	HGNC:10802
ORPHA:118647	HGNC:10805
ORPHA:118653	HGNC:10806
ORPHA:118658	HGNC:10807
ORPHA:118663	HGNC:10808
ORPHA:118666	HGNC:10809
ORPHA:118674	HGNC:10818
ORPHA:118679	HGNC:10820
ORPHA:118689	HGNC:10825
ORPHA:118693	HGNC:29427
ORPHA:118697	HGNC:14294
ORPHA:118703	HGNC:10848
ORPHA:118707	HGNC:10853
ORPHA:118713	HGNC:29215
ORPHA:118716	HGNC:10856
ORPHA:118718	HGNC:24624
ORPHA:118723	HGNC:10887
ORPHA:118725	HGNC:10889
ORPHA:118728	HGNC:10892
ORPHA:118732	HGNC:10908
ORPHA:118737	HGNC:10910
ORPHA:118740	HGNC:10912
ORPHA:118742	HGNC:10914
ORPHA:118746	HGNC:10923
ORPHA:118753	HGNC:10933
ORPHA:118762	HGNC:10938
ORPHA:118766	HGNC:16266
ORPHA:118781	HGNC:10969
ORPHA:118786	HGNC:10983
ORPHA:118789	HGNC:10985
ORPHA:118794	HGNC:14409
ORPHA:118799	HGNC:1421
ORPHA:118803	HGNC:19954
ORPHA:118807	HGNC:10990
ORPHA:118813	HGNC:10994
ORPHA:118817	HGNC:3018
ORPHA:118821	HGNC:8818
ORPHA:118825	HGNC:13444
ORPHA:118828	HGNC:11006
ORPHA:118831	HGNC:11020
ORPHA:118834	HGNC:20305
ORPHA:118838	HGNC:20197
ORPHA:118840	HGNC:811
ORPHA:118844	HGNC:812
ORPHA:118849	HGNC:13211
ORPHA:118855	HGNC:18305
ORPHA:118861	HGNC:866
ORPHA:118872	HGNC:853
ORPHA:118879	HGNC:869
ORPHA:118882	HGNC:870
ORPHA:118885	HGNC:3706
ORPHA:118892	HGNC:18802
ORPHA:118896	HGNC:882
ORPHA:118908	HGNC:886
ORPHA:118913	HGNC:10548
ORPHA:118918	HGNC:10549
ORPHA:118923	HGNC:10555
ORPHA:118928	HGNC:7106
ORPHA:118934	HGNC:10560
ORPHA:118939	HGNC:32925
ORPHA:118941	HGNC:890
ORPHA:118943	HGNC:894
ORPHA:118947	HGNC:897
ORPHA:118954	HGNC:904
ORPHA:118958	HGNC:20207
ORPHA:118962	HGNC:924
ORPHA:118966	HGNC:930
ORPHA:118970	HGNC:961
ORPHA:118975	HGNC:966
ORPHA:118978	HGNC:26291
ORPHA:118982	HGNC:967
ORPHA:118985	HGNC:969
ORPHA:118987	HGNC:970
ORPHA:118990	HGNC:18758
ORPHA:118994	HGNC:30000
ORPHA:118998	HGNC:983
ORPHA:119002	HGNC:986
ORPHA:119005	HGNC:987
ORPHA:119007	HGNC:990
ORPHA:119012	HGNC:20893
ORPHA:119016	HGNC:1014
ORPHA:119021	HGNC:1020
ORPHA:119027	HGNC:1033
ORPHA:119029	HGNC:12703
ORPHA:119034	HGNC:1041
ORPHA:119045	HGNC:20914
ORPHA:119048	HGNC:1076
ORPHA:119053	HGNC:1077
ORPHA:119057	HGNC:1078
ORPHA:119064	HGNC:1093
ORPHA:119066	HGNC:1097
ORPHA:119068	HGNC:1100
ORPHA:119072	HGNC:1101
ORPHA:119080	HGNC:20473
ORPHA:119085	HGNC:15832
ORPHA:119089	HGNC:16512
ORPHA:119092	HGNC:1122
ORPHA:119094	HGNC:1133
ORPHA:119101	HGNC:1149
ORPHA:119106	HGNC:1248
ORPHA:119113	HGNC:16002
ORPHA:119117	HGNC:1373
ORPHA:119122	HGNC:1375
ORPHA:119127	HGNC:1386
ORPHA:119129	HGNC:1388
ORPHA:119140	HGNC:1390
ORPHA:119148	HGNC:1393
ORPHA:119157	HGNC:1397
ORPHA:119164	HGNC:1402
ORPHA:119168	HGNC:1404
ORPHA:119172	HGNC:1480
ORPHA:119179	HGNC:1500
ORPHA:119182	HGNC:1513
ORPHA:119185	HGNC:1514
ORPHA:119192	HGNC:1516
ORPHA:119194	HGNC:1529
ORPHA:119199	HGNC:1550
ORPHA:119202	HGNC:30237
ORPHA:119206	HGNC:18782
ORPHA:119213	HGNC:21708
ORPHA:119217	HGNC:1582
ORPHA:119222	HGNC:1618
ORPHA:119235	HGNC:1633
ORPHA:119244	HGNC:11919
ORPHA:119249	HGNC:11935
ORPHA:119259	HGNC:6953
ORPHA:119266	HGNC:1713
ORPHA:119271	HGNC:16783
ORPHA:119276	HGNC:1748
ORPHA:119281	HGNC:13733
ORPHA:119285	HGNC:1762
ORPHA:119289	HGNC:1773
ORPHA:119292	HGNC:18672
ORPHA:119297	HGNC:11411
ORPHA:119300	HGNC:1786
ORPHA:119306	HGNC:1787
ORPHA:119324	HGNC:1802
ORPHA:119333	HGNC:1848
ORPHA:119336	HGNC:17272
ORPHA:119343	HGNC:29021
ORPHA:119354	HGNC:21699
ORPHA:119357	HGNC:1869
ORPHA:119359	HGNC:18292
ORPHA:119363	HGNC:4883
ORPHA:119371	HGNC:5394
ORPHA:119377	HGNC:1875
ORPHA:119379	HGNC:8864
ORPHA:119382	HGNC:1884
ORPHA:119387	HGNC:1912
ORPHA:119389	HGNC:20626
ORPHA:119394	HGNC:16627
ORPHA:119402	HGNC:1940
ORPHA:119407	HGNC:24537
ORPHA:119411	HGNC:1955
ORPHA:119414	HGNC:1958
ORPHA:119419	HGNC:1961
ORPHA:119422	HGNC:1965
ORPHA:119425	HGNC:1966
ORPHA:119428	HGNC:1967
ORPHA:119431	HGNC:1971
ORPHA:119435	HGNC:6938
ORPHA:119442	HGNC:7067
ORPHA:119447	HGNC:2019
ORPHA:119453	HGNC:2023
ORPHA:119462	HGNC:2025
ORPHA:119467	HGNC:2027
ORPHA:119470	HGNC:2032
ORPHA:119474	HGNC:4061
ORPHA:119482	HGNC:17129
ORPHA:119486	HGNC:10909
ORPHA:119502	HGNC:225
ORPHA:119507	HGNC:291
ORPHA:119509	HGNC:3776
ORPHA:119513	HGNC:318
ORPHA:119516	HGNC:24684
ORPHA:119523	HGNC:321
ORPHA:119525	HGNC:325
ORPHA:119528	HGNC:327
ORPHA:119535	HGNC:333
ORPHA:119538	HGNC:341
ORPHA:119546	HGNC:343
ORPHA:119549	HGNC:21575
ORPHA:119554	HGNC:13203
ORPHA:119559	HGNC:359
ORPHA:119562	HGNC:360
ORPHA:119567	HGNC:361
ORPHA:119569	HGNC:395
ORPHA:119573	HGNC:397
ORPHA:119576	HGNC:399
ORPHA:119578	HGNC:9722
ORPHA:119583	HGNC:403
ORPHA:119588	HGNC:406
ORPHA:119592	HGNC:408
ORPHA:119596	HGNC:877
ORPHA:119599	HGNC:414
ORPHA:119601	HGNC:417
ORPHA:119603	HGNC:18294
ORPHA:119610	HGNC:19358
ORPHA:119613	HGNC:23159
ORPHA:119618	HGNC:23056
ORPHA:119624	HGNC:23157
ORPHA:119626	HGNC:23161
ORPHA:119629	HGNC:15672
ORPHA:119632	HGNC:428
ORPHA:119635	HGNC:430
ORPHA:119637	HGNC:13743
ORPHA:119640	HGNC:438
ORPHA:119644	HGNC:443
ORPHA:119647	HGNC:450
ORPHA:119653	HGNC:461
ORPHA:119657	HGNC:464
ORPHA:119660	HGNC:465
ORPHA:119662	HGNC:467
ORPHA:119665	HGNC:16472
ORPHA:119669	HGNC:11027
ORPHA:119680	HGNC:16438
ORPHA:119685	HGNC:11030
ORPHA:119693	HGNC:11036
ORPHA:119697	HGNC:11037
ORPHA:119700	HGNC:11040
ORPHA:119703	HGNC:27960
ORPHA:119705	HGNC:11055
ORPHA:119709	HGNC:11065
ORPHA:119713	HGNC:11067
ORPHA:119720	HGNC:18746
ORPHA:119727	HGNC:6770
ORPHA:119731	HGNC:11102
ORPHA:119735	HGNC:11103
ORPHA:119743	HGNC:11111
ORPHA:119750	HGNC:11118
ORPHA:119754	HGNC:11120
ORPHA:119757	HGNC:11094
ORPHA:119761	HGNC:11133
ORPHA:119763	HGNC:11138
ORPHA:119771	HGNC:11164
ORPHA:119776	HGNC:11179
ORPHA:119781	HGNC:11187
ORPHA:119786	HGNC:11190
ORPHA:119788	HGNC:11194
ORPHA:119790	HGNC:11195
ORPHA:119792	HGNC:11204
ORPHA:119797	HGNC:5401
ORPHA:119801	HGNC:11233
ORPHA:119807	HGNC:11226
ORPHA:119811	HGNC:18514
ORPHA:119815	HGNC:20373
ORPHA:119821	HGNC:11231
ORPHA:119829	HGNC:11237
ORPHA:119834	HGNC:11244
ORPHA:119840	HGNC:15464
ORPHA:119844	HGNC:11257
ORPHA:119846	HGNC:11272
ORPHA:119849	HGNC:11274
ORPHA:119851	HGNC:11276
ORPHA:119854	HGNC:11277
ORPHA:119860	HGNC:11285
ORPHA:119862	HGNC:30668
ORPHA:119865	HGNC:11311
ORPHA:119868	HGNC:11340
ORPHA:119874	HGNC:11335
ORPHA:119876	HGNC:11359
ORPHA:119879	HGNC:11362
ORPHA:119882	HGNC:11367
ORPHA:119884	HGNC:11389
ORPHA:119888	HGNC:11425
ORPHA:119892	HGNC:11429
ORPHA:119894	HGNC:11448
ORPHA:119896	HGNC:16466
ORPHA:119899	HGNC:20376
ORPHA:119902	HGNC:11460
ORPHA:119904	HGNC:11474
ORPHA:119906	HGNC:11494
ORPHA:119908	HGNC:11515
ORPHA:119910	HGNC:11530
ORPHA:119916	HGNC:11556
ORPHA:119922	HGNC:44
ORPHA:119928	HGNC:11573
ORPHA:119930	HGNC:11577
ORPHA:119938	HGNC:11582
ORPHA:119944	HGNC:11586
ORPHA:119948	HGNC:11588
ORPHA:119953	HGNC:11592
ORPHA:119955	HGNC:11596
ORPHA:119959	HGNC:11600
ORPHA:119961	HGNC:11602
ORPHA:119966	HGNC:11603
ORPHA:119968	HGNC:11604
ORPHA:119971	HGNC:11610
ORPHA:119990	HGNC:11647
ORPHA:119999	HGNC:11653
ORPHA:120003	HGNC:11654
ORPHA:120006	HGNC:18884
ORPHA:120010	HGNC:11714
ORPHA:120015	HGNC:11720
ORPHA:120020	HGNC:11724
ORPHA:120027	HGNC:11740
ORPHA:120029	HGNC:11743
ORPHA:120032	HGNC:17037
ORPHA:120036	HGNC:11752
ORPHA:120039	HGNC:11758
ORPHA:120043	HGNC:11762
ORPHA:120047	HGNC:11766
ORPHA:120052	HGNC:11768
ORPHA:120054	HGNC:11769
ORPHA:120056	HGNC:11771
ORPHA:120065	HGNC:11772
ORPHA:120069	HGNC:11773
ORPHA:120072	HGNC:11776
ORPHA:120076	HGNC:11777
ORPHA:120083	HGNC:11781
ORPHA:120086	HGNC:11782
ORPHA:120088	HGNC:11784
ORPHA:120091	HGNC:11795
ORPHA:120101	HGNC:11799
ORPHA:120107	HGNC:11817
ORPHA:120112	HGNC:11822
ORPHA:120120	HGNC:11831
ORPHA:120130	HGNC:16513
ORPHA:120137	HGNC:27337
ORPHA:120140	HGNC:28396
ORPHA:120145	HGNC:30800
ORPHA:120148	HGNC:11877
ORPHA:120160	HGNC:11908
ORPHA:120164	HGNC:11909
ORPHA:120169	HGNC:18153
ORPHA:120173	HGNC:11916
ORPHA:120182	HGNC:11946
ORPHA:120184	HGNC:11947
ORPHA:120188	HGNC:11948
ORPHA:120190	HGNC:11949
ORPHA:120192	HGNC:11950
ORPHA:120194	HGNC:11976
ORPHA:120201	HGNC:3098
ORPHA:120204	HGNC:11998
ORPHA:120207	HGNC:15979
ORPHA:120218	HGNC:12009
ORPHA:120220	HGNC:12010
ORPHA:120223	HGNC:12011
ORPHA:120227	HGNC:12012
ORPHA:120233	HGNC:12015
ORPHA:120236	HGNC:2073
ORPHA:120239	HGNC:12017
ORPHA:120241	HGNC:23068
ORPHA:120249	HGNC:17761
ORPHA:120255	HGNC:12269
ORPHA:120259	HGNC:12298
ORPHA:120261	HGNC:12299
ORPHA:120263	HGNC:11812
ORPHA:120269	HGNC:9975
ORPHA:120273	HGNC:16380
ORPHA:120279	HGNC:16290
ORPHA:120289	HGNC:7523
ORPHA:120293	HGNC:25481
ORPHA:120298	HGNC:12338
ORPHA:120301	HGNC:17995
ORPHA:120307	HGNC:12340
ORPHA:120309	HGNC:12362
ORPHA:120315	HGNC:12363
ORPHA:120320	HGNC:12373
ORPHA:120323	HGNC:20087
ORPHA:120326	HGNC:12403
ORPHA:120334	HGNC:12404
ORPHA:120337	HGNC:12405
ORPHA:120341	HGNC:12423
ORPHA:120345	HGNC:12428
ORPHA:120353	HGNC:12442
ORPHA:120356	HGNC:12449
ORPHA:120361	HGNC:12450
ORPHA:120365	HGNC:12496
ORPHA:120373	HGNC:16808
ORPHA:120375	HGNC:12513
ORPHA:120380	HGNC:12530
ORPHA:120412	HGNC:12559
ORPHA:120414	HGNC:12563
ORPHA:120416	HGNC:23147
ORPHA:120419	HGNC:13481
ORPHA:120421	HGNC:12572
ORPHA:120426	HGNC:16297
ORPHA:120429	HGNC:12591
ORPHA:120431	HGNC:12592
ORPHA:120433	HGNC:12597
ORPHA:120442	HGNC:16356
ORPHA:120447	HGNC:12601
ORPHA:120450	HGNC:12633
ORPHA:120453	HGNC:12649
ORPHA:120457	HGNC:2464
ORPHA:120461	HGNC:12666
ORPHA:120464	HGNC:12679
ORPHA:120467	HGNC:12687
ORPHA:120470	HGNC:12698
ORPHA:120472	HGNC:1908
ORPHA:120476	HGNC:2183
ORPHA:120480	HGNC:12712
ORPHA:120483	HGNC:12723
ORPHA:120487	HGNC:12726
ORPHA:120490	HGNC:12731
ORPHA:120514	HGNC:12762
ORPHA:120521	HGNC:12766
ORPHA:120525	HGNC:12768
ORPHA:120528	HGNC:12771
ORPHA:120531	HGNC:14540
ORPHA:120534	HGNC:14544
ORPHA:120537	HGNC:12782
ORPHA:120540	HGNC:12783
ORPHA:120543	HGNC:12786
ORPHA:120545	HGNC:12791
ORPHA:120549	HGNC:12796
ORPHA:120554	HGNC:12799
ORPHA:120558	HGNC:12805
ORPHA:120562	HGNC:12811
ORPHA:120567	HGNC:12814
ORPHA:120571	HGNC:12816
ORPHA:120579	HGNC:12858
ORPHA:120584	HGNC:11642
ORPHA:120593	HGNC:14881
ORPHA:120598	HGNC:16700
ORPHA:120606	HGNC:12872
ORPHA:120610	HGNC:12873
ORPHA:120613	HGNC:12874
ORPHA:120618	HGNC:20393
ORPHA:120620	HGNC:12877
ORPHA:120625	HGNC:2037
ORPHA:120628	HGNC:2040
ORPHA:120630	HGNC:2586
ORPHA:120638	HGNC:2074
ORPHA:120641	HGNC:2076
ORPHA:120643	HGNC:2077
ORPHA:120648	HGNC:2079
ORPHA:120653	HGNC:12605
ORPHA:120657	HGNC:13164
ORPHA:120664	HGNC:2148
ORPHA:120671	HGNC:2150
ORPHA:120678	HGNC:2153
ORPHA:120681	HGNC:2180
ORPHA:120686	HGNC:18622
ORPHA:120688	HGNC:2185
ORPHA:120690	HGNC:2186
ORPHA:120693	HGNC:2187
ORPHA:120698	HGNC:2194
ORPHA:120702	HGNC:2195
ORPHA:120704	HGNC:2197
ORPHA:120707	HGNC:2198
ORPHA:120710	HGNC:2200
ORPHA:120713	HGNC:2201
ORPHA:120716	HGNC:2202
ORPHA:120718	HGNC:2204
ORPHA:120720	HGNC:2206
ORPHA:120722	HGNC:2207
ORPHA:120726	HGNC:2208
ORPHA:120728	HGNC:2209
ORPHA:120730	HGNC:2210
ORPHA:120732	HGNC:2211
ORPHA:120734	HGNC:2212
ORPHA:120736	HGNC:2213
ORPHA:120738	HGNC:2214
ORPHA:120743	HGNC:2216
ORPHA:120748	HGNC:2217
ORPHA:120750	HGNC:2218
ORPHA:120754	HGNC:2219
ORPHA:120761	HGNC:2226
ORPHA:120763	HGNC:2227
ORPHA:120770	HGNC:25223
ORPHA:120774	HGNC:2260
ORPHA:120776	HGNC:2263
ORPHA:120778	HGNC:2295
ORPHA:120780	HGNC:17245
ORPHA:120783	HGNC:2321
ORPHA:120788	HGNC:2323
ORPHA:120790	HGNC:2328
ORPHA:120795	HGNC:2330
ORPHA:120803	HGNC:2343
ORPHA:120811	HGNC:30185
ORPHA:120814	HGNC:2348
ORPHA:120819	HGNC:14630
ORPHA:120822	HGNC:2383
ORPHA:120828	HGNC:2388
ORPHA:120832	HGNC:2389
ORPHA:120836	HGNC:2394
ORPHA:120839	HGNC:2396
ORPHA:120841	HGNC:2398
ORPHA:120846	HGNC:2400
ORPHA:120849	HGNC:2410
ORPHA:120852	HGNC:2411
ORPHA:120855	HGNC:2436
ORPHA:120860	HGNC:2472
ORPHA:120865	HGNC:2475
ORPHA:120867	HGNC:2482
ORPHA:120873	HGNC:2498
ORPHA:120876	HGNC:2501
ORPHA:120878	HGNC:2505
ORPHA:120881	HGNC:2514
ORPHA:120884	HGNC:2518
ORPHA:120888	HGNC:9251
ORPHA:120892	HGNC:2528
ORPHA:120897	HGNC:2536
ORPHA:120903	HGNC:2548
ORPHA:120908	HGNC:2555
ORPHA:120910	HGNC:21024
ORPHA:120914	HGNC:2561
ORPHA:120929	HGNC:2570
ORPHA:120932	HGNC:2873
ORPHA:120935	HGNC:2578
ORPHA:120940	HGNC:2584
ORPHA:120945	HGNC:2590
ORPHA:120949	HGNC:2591
ORPHA:120955	HGNC:2592
ORPHA:120963	HGNC:2593
ORPHA:120969	HGNC:2594
ORPHA:120977	HGNC:2597
ORPHA:120981	HGNC:2600
ORPHA:120989	HGNC:2605
ORPHA:120994	HGNC:2606
ORPHA:121000	HGNC:20580
ORPHA:121002	HGNC:23198
ORPHA:121005	HGNC:2652
ORPHA:121007	HGNC:28358
ORPHA:121012	HGNC:2682
ORPHA:121016	HGNC:15964
ORPHA:121018	HGNC:15965
ORPHA:121020	HGNC:15966
ORPHA:121022	HGNC:2689
ORPHA:121025	HGNC:2698
ORPHA:121027	HGNC:17642
ORPHA:121034	HGNC:2705
ORPHA:121038	HGNC:2714
ORPHA:121045	HGNC:2718
ORPHA:121047	HGNC:2719
ORPHA:121053	HGNC:2770
ORPHA:121056	HGNC:2810
ORPHA:121059	HGNC:2858
ORPHA:121062	HGNC:2859
ORPHA:121066	HGNC:2860
ORPHA:121069	HGNC:2865
ORPHA:121073	HGNC:2876
ORPHA:121089	HGNC:2888
ORPHA:121091	HGNC:2890
ORPHA:121098	HGNC:2896
ORPHA:121102	HGNC:2898
ORPHA:121110	HGNC:2909
ORPHA:121113	HGNC:2916
ORPHA:121117	HGNC:2928
ORPHA:121129	HGNC:2932
ORPHA:121131	HGNC:2933
ORPHA:121134	HGNC:2942
ORPHA:121137	HGNC:2950
ORPHA:121143	HGNC:2954
ORPHA:121147	HGNC:2974
ORPHA:121150	HGNC:2979
ORPHA:121152	HGNC:26594
ORPHA:121158	HGNC:2995
ORPHA:121167	HGNC:3005
ORPHA:121171	HGNC:3012
ORPHA:121174	HGNC:3013
ORPHA:121177	HGNC:3023
ORPHA:121185	HGNC:3036
ORPHA:121189	HGNC:3048
ORPHA:121193	HGNC:3049
ORPHA:121196	HGNC:3052
ORPHA:121202	HGNC:3054
ORPHA:121219	HGNC:3057
ORPHA:121227	HGNC:17328
ORPHA:121233	HGNC:13273
ORPHA:121239	HGNC:3082
ORPHA:121241	HGNC:21317
ORPHA:121246	HGNC:3097
ORPHA:121250	HGNC:3133
ORPHA:121255	HGNC:3146
ORPHA:121261	HGNC:3153
ORPHA:121263	HGNC:3157
ORPHA:121273	HGNC:2895
ORPHA:121282	HGNC:14341
ORPHA:121284	HGNC:3178
ORPHA:121287	HGNC:3180
ORPHA:121292	HGNC:3218
ORPHA:121299	HGNC:3219
ORPHA:121303	HGNC:16406
ORPHA:121305	HGNC:3226
ORPHA:121311	HGNC:3236
ORPHA:121314	HGNC:3239
ORPHA:121317	HGNC:3255
ORPHA:121320	HGNC:3257
ORPHA:121326	HGNC:3258
ORPHA:121330	HGNC:3259
ORPHA:121334	HGNC:3260
ORPHA:121340	HGNC:3261
ORPHA:121344	HGNC:468
ORPHA:121350	HGNC:470
ORPHA:121352	HGNC:473
ORPHA:121356	HGNC:492
ORPHA:121360	HGNC:493
ORPHA:121363	HGNC:15492
ORPHA:121369	HGNC:21732
ORPHA:121374	HGNC:566
ORPHA:121380	HGNC:600
ORPHA:121382	HGNC:17288
ORPHA:121386	HGNC:603
ORPHA:121388	HGNC:609
ORPHA:121390	HGNC:613
ORPHA:121393	HGNC:620
ORPHA:121400	HGNC:626
ORPHA:121402	HGNC:15984
ORPHA:121410	HGNC:634
ORPHA:121412	HGNC:15853
ORPHA:121415	HGNC:663
ORPHA:121417	HGNC:24046
ORPHA:121421	HGNC:13210
ORPHA:121427	HGNC:713
ORPHA:121429	HGNC:714
ORPHA:121431	HGNC:719
ORPHA:121435	HGNC:728
ORPHA:121437	HGNC:18060
ORPHA:121449	HGNC:735
ORPHA:121455	HGNC:746
ORPHA:121457	HGNC:756
ORPHA:121461	HGNC:19048
ORPHA:121468	HGNC:758
ORPHA:121472	HGNC:779
ORPHA:121474	HGNC:795
ORPHA:121482	HGNC:3033
ORPHA:121487	HGNC:13542
ORPHA:121493	HGNC:30213
ORPHA:121497	HGNC:800
ORPHA:121501	HGNC:801
ORPHA:121511	HGNC:3309
ORPHA:121513	HGNC:14198
ORPHA:121517	HGNC:3327
ORPHA:121522	HGNC:14415
ORPHA:121526	HGNC:3331
ORPHA:121529	HGNC:3341
ORPHA:121533	HGNC:3344
ORPHA:121536	HGNC:3349
ORPHA:121551	HGNC:3354
ORPHA:121553	HGNC:3356
ORPHA:121560	HGNC:3373
ORPHA:121563	HGNC:3377
ORPHA:121567	HGNC:3393
ORPHA:121574	HGNC:3401
ORPHA:121577	HGNC:3413
ORPHA:121581	HGNC:3416
ORPHA:121583	HGNC:17072
ORPHA:121590	HGNC:3434
ORPHA:121595	HGNC:3436
ORPHA:121599	HGNC:3438
ORPHA:121604	HGNC:3439
ORPHA:121608	HGNC:3446
ORPHA:121610	HGNC:27230
ORPHA:121614	HGNC:3467
ORPHA:121619	HGNC:3481
ORPHA:121624	HGNC:3482
ORPHA:121626	HGNC:3483
ORPHA:121629	HGNC:23287
ORPHA:121633	HGNC:3490
ORPHA:121636	HGNC:3497
ORPHA:121639	HGNC:19747
ORPHA:121642	HGNC:3508
ORPHA:121645	HGNC:3512
ORPHA:121648	HGNC:3513
ORPHA:121651	HGNC:3519
ORPHA:121654	HGNC:3522
ORPHA:121658	HGNC:3528
ORPHA:121660	HGNC:3529
ORPHA:121663	HGNC:3530
ORPHA:121665	HGNC:3531
ORPHA:121668	HGNC:3534
ORPHA:121671	HGNC:3535
ORPHA:121673	HGNC:3542
ORPHA:121675	HGNC:3544
ORPHA:121677	HGNC:3546
ORPHA:121683	HGNC:3551
ORPHA:121686	HGNC:3579
ORPHA:121688	HGNC:24587
ORPHA:121693	HGNC:3582
ORPHA:121700	HGNC:3583
ORPHA:121705	HGNC:3584
ORPHA:121709	HGNC:3585
ORPHA:121715	HGNC:3586
ORPHA:121719	HGNC:3587
ORPHA:121722	HGNC:3588
ORPHA:121726	HGNC:20748
ORPHA:121730	HGNC:23168
ORPHA:121733	HGNC:11920
ORPHA:121740	HGNC:11936
ORPHA:121746	HGNC:3602
ORPHA:121752	HGNC:3603
ORPHA:121760	HGNC:3604
ORPHA:121763	HGNC:3606
ORPHA:121775	HGNC:3622
ORPHA:121784	HGNC:3647
ORPHA:121786	HGNC:3661
ORPHA:121788	HGNC:3662
ORPHA:121790	HGNC:3663
ORPHA:121794	HGNC:3666
ORPHA:121796	HGNC:3671
ORPHA:121800	HGNC:3680
ORPHA:121802	HGNC:3688
ORPHA:121815	HGNC:3690
ORPHA:121821	HGNC:3694
ORPHA:121823	HGNC:3700
ORPHA:121826	HGNC:3701
ORPHA:121830	HGNC:19124
ORPHA:121835	HGNC:17997
ORPHA:121839	HGNC:27310
ORPHA:121846	HGNC:3749
ORPHA:121850	HGNC:3750
ORPHA:121853	HGNC:3754
ORPHA:121860	HGNC:3755
ORPHA:121867	HGNC:3756
ORPHA:121872	HGNC:3767
ORPHA:121876	HGNC:3771
ORPHA:121878	HGNC:3775
ORPHA:121883	HGNC:3800
ORPHA:121891	HGNC:3801
ORPHA:121895	HGNC:3806
ORPHA:121900	HGNC:3808
ORPHA:121904	HGNC:1092
ORPHA:121908	HGNC:3819
ORPHA:121913	HGNC:6106
ORPHA:121922	HGNC:19185
ORPHA:121927	HGNC:25396
ORPHA:121930	HGNC:3954
ORPHA:121938	HGNC:3960
ORPHA:121941	HGNC:3964
ORPHA:121943	HGNC:3969
ORPHA:121951	HGNC:3974
ORPHA:121953	HGNC:3999
ORPHA:121955	HGNC:13254
ORPHA:121963	HGNC:4006
ORPHA:121965	HGNC:3951
ORPHA:121972	HGNC:4026
ORPHA:121977	HGNC:4042
ORPHA:121980	HGNC:4056
ORPHA:121984	HGNC:4057
ORPHA:121987	HGNC:4065
ORPHA:121989	HGNC:4075
ORPHA:121991	HGNC:4084
ORPHA:121993	HGNC:4087
ORPHA:121995	HGNC:4115
ORPHA:121997	HGNC:4116
ORPHA:121999	HGNC:4118
ORPHA:122002	HGNC:4122
ORPHA:122006	HGNC:4125
ORPHA:122009	HGNC:4135
ORPHA:122011	HGNC:4136
ORPHA:122015	HGNC:4137
ORPHA:122022	HGNC:4162
ORPHA:122028	HGNC:4170
ORPHA:122033	HGNC:4172
ORPHA:122035	HGNC:4173
ORPHA:122037	HGNC:4175
ORPHA:122039	HGNC:4177
ORPHA:122043	HGNC:4180
ORPHA:122045	HGNC:4189
ORPHA:122048	HGNC:4193
ORPHA:122053	HGNC:4195
ORPHA:122057	HGNC:4311
ORPHA:122062	HGNC:4208
ORPHA:122064	HGNC:15968
ORPHA:122066	HGNC:4220
ORPHA:122069	HGNC:4226
ORPHA:122076	HGNC:4232
ORPHA:122078	HGNC:4235
ORPHA:122080	HGNC:4237
ORPHA:122083	HGNC:4247
ORPHA:122092	HGNC:4261
ORPHA:122095	HGNC:4263
ORPHA:122097	HGNC:4266
ORPHA:122099	HGNC:4268
ORPHA:122102	HGNC:4274
ORPHA:122110	HGNC:17494
ORPHA:122114	HGNC:4277
ORPHA:122118	HGNC:4281
ORPHA:122124	HGNC:4283
ORPHA:122129	HGNC:4284
ORPHA:122135	HGNC:4285
ORPHA:122139	HGNC:4286
ORPHA:122142	HGNC:4288
ORPHA:122149	HGNC:4289
ORPHA:122153	HGNC:4296
ORPHA:122156	HGNC:4298
ORPHA:122160	HGNC:4313
ORPHA:122167	HGNC:4319
ORPHA:122172	HGNC:14373
ORPHA:122179	HGNC:4326
ORPHA:122182	HGNC:4329
ORPHA:122188	HGNC:4335
ORPHA:122192	HGNC:4367
ORPHA:122194	HGNC:4392
ORPHA:122202	HGNC:4393
ORPHA:122204	HGNC:4394
ORPHA:122207	HGNC:23657
ORPHA:122211	HGNC:4416
ORPHA:122216	HGNC:29670
ORPHA:122221	HGNC:23026
ORPHA:122226	HGNC:4421
ORPHA:122230	HGNC:4422
ORPHA:122232	HGNC:4428
ORPHA:122237	HGNC:4439
ORPHA:122241	HGNC:4440
ORPHA:122244	HGNC:4444
ORPHA:122248	HGNC:4451
ORPHA:122256	HGNC:15465
ORPHA:122259	HGNC:4458
ORPHA:122263	HGNC:20145
ORPHA:122266	HGNC:4512
ORPHA:122270	HGNC:17416
ORPHA:122278	HGNC:4570
ORPHA:122282	HGNC:4573
ORPHA:122286	HGNC:10013
ORPHA:122291	HGNC:4598
ORPHA:122296	HGNC:4620
ORPHA:122298	HGNC:4623
ORPHA:122300	HGNC:4624
ORPHA:122302	HGNC:21157
ORPHA:122310	HGNC:4659
ORPHA:122319	HGNC:4661
ORPHA:122333	HGNC:4678
ORPHA:122340	HGNC:4689
ORPHA:122352	HGNC:4696
ORPHA:122354	HGNC:4707
ORPHA:122356	HGNC:4799
ORPHA:122361	HGNC:4806
ORPHA:122364	HGNC:15598
ORPHA:122370	HGNC:16915
ORPHA:122374	HGNC:4824
ORPHA:122376	HGNC:4827
ORPHA:122378	HGNC:4837
ORPHA:122381	HGNC:16882
ORPHA:122383	HGNC:4847
ORPHA:122387	HGNC:4851
ORPHA:122398	HGNC:4877
ORPHA:122402	HGNC:4878
ORPHA:122404	HGNC:4879
ORPHA:122408	HGNC:4892
ORPHA:122412	HGNC:26527
ORPHA:122417	HGNC:4909
ORPHA:122420	HGNC:4922
ORPHA:122422	HGNC:4932
ORPHA:122424	HGNC:4947
ORPHA:122427	HGNC:4948
ORPHA:122430	HGNC:4976
ORPHA:122438	HGNC:4982
ORPHA:122447	HGNC:5005
ORPHA:122453	HGNC:5008
ORPHA:122455	HGNC:5024
ORPHA:122462	HGNC:5102
ORPHA:122466	HGNC:5136
ORPHA:122470	HGNC:5147
ORPHA:122476	HGNC:5157
ORPHA:122480	HGNC:5163
ORPHA:122483	HGNC:15597
ORPHA:122486	HGNC:15844
ORPHA:122490	HGNC:17022
ORPHA:122492	HGNC:18817
ORPHA:122495	HGNC:5172
ORPHA:122499	HGNC:5173
ORPHA:122502	HGNC:5209
ORPHA:122504	HGNC:4800
ORPHA:122511	HGNC:5212
ORPHA:122513	HGNC:5213
ORPHA:122515	HGNC:5218
ORPHA:122517	HGNC:18324
ORPHA:122520	HGNC:5227
ORPHA:122526	HGNC:5246
ORPHA:122532	HGNC:30171
ORPHA:122538	HGNC:16389
ORPHA:122542	HGNC:5261
ORPHA:122547	HGNC:5273
ORPHA:122552	HGNC:14348
ORPHA:122556	HGNC:5320
ORPHA:122562	HGNC:26558
ORPHA:122565	HGNC:5351
ORPHA:122569	HGNC:5389
ORPHA:122572	HGNC:5391
ORPHA:122574	HGNC:5438
ORPHA:122576	HGNC:5439
ORPHA:122580	HGNC:5440
ORPHA:122584	HGNC:5461
ORPHA:122587	HGNC:5464
ORPHA:122589	HGNC:5525
ORPHA:122591	HGNC:5541
ORPHA:122593	HGNC:5542
ORPHA:122598	HGNC:5870
ORPHA:122605	HGNC:5956
ORPHA:122607	HGNC:5959
ORPHA:122614	HGNC:5961
ORPHA:122623	HGNC:5962
ORPHA:122629	HGNC:5970
ORPHA:122634	HGNC:5971
ORPHA:122638	HGNC:19100
ORPHA:122641	HGNC:6010
ORPHA:122649	HGNC:6052
ORPHA:122654	HGNC:6062
ORPHA:122664	HGNC:6091
ORPHA:122667	HGNC:17870
ORPHA:122670	HGNC:28949
ORPHA:122674	HGNC:17967
ORPHA:122684	HGNC:6121
ORPHA:122690	HGNC:6138
ORPHA:122695	HGNC:6142
ORPHA:122698	HGNC:6155
ORPHA:122704	HGNC:6156
ORPHA:122708	HGNC:6158
ORPHA:122711	HGNC:6174
ORPHA:122716	HGNC:6186
ORPHA:122719	HGNC:6188
ORPHA:122727	HGNC:6192
ORPHA:122729	HGNC:6193
ORPHA:122732	HGNC:11114
ORPHA:122737	HGNC:14203
ORPHA:122744	HGNC:6207
ORPHA:122751	HGNC:6211
ORPHA:122756	HGNC:6218
ORPHA:122763	HGNC:6240
ORPHA:122768	HGNC:6241
ORPHA:122770	HGNC:6242
ORPHA:122773	HGNC:6243
ORPHA:122777	HGNC:6251
ORPHA:122783	HGNC:6255
ORPHA:122787	HGNC:6257
ORPHA:122791	HGNC:6263
ORPHA:122795	HGNC:6284
ORPHA:122800	HGNC:6294
ORPHA:122808	HGNC:6296
ORPHA:122817	HGNC:6297
ORPHA:122821	HGNC:6298
ORPHA:122825	HGNC:6309
ORPHA:122829	HGNC:6315
ORPHA:122831	HGNC:28984
ORPHA:122834	HGNC:23419
ORPHA:122838	HGNC:29433
ORPHA:122840	HGNC:16636
ORPHA:122847	HGNC:19349
ORPHA:122851	HGNC:6323
ORPHA:122857	HGNC:4510
ORPHA:122862	HGNC:6342
ORPHA:122868	HGNC:11811
ORPHA:122872	HGNC:6371
ORPHA:122875	HGNC:6383
ORPHA:122879	HGNC:6407
ORPHA:122883	HGNC:1573
ORPHA:122887	HGNC:6412
ORPHA:122891	HGNC:6413
ORPHA:122894	HGNC:6414
ORPHA:122897	HGNC:6416
ORPHA:122901	HGNC:6423
ORPHA:122904	HGNC:6427
ORPHA:122907	HGNC:6439
ORPHA:122911	HGNC:6440
ORPHA:122913	HGNC:6442
ORPHA:122917	HGNC:6443
ORPHA:122925	HGNC:6444
ORPHA:122928	HGNC:6458
ORPHA:122932	HGNC:6460
ORPHA:122936	HGNC:6462
ORPHA:122940	HGNC:6463
ORPHA:122945	HGNC:6447
ORPHA:122948	HGNC:6470
ORPHA:122957	HGNC:20499
ORPHA:122961	HGNC:6482
ORPHA:122964	HGNC:6483
ORPHA:122971	HGNC:6487
ORPHA:122974	HGNC:6490
ORPHA:122980	HGNC:6493
ORPHA:122989	HGNC:6501
ORPHA:122992	HGNC:6511
ORPHA:123003	HGNC:6518
ORPHA:123006	HGNC:6522
ORPHA:123008	HGNC:6530
ORPHA:123010	HGNC:15710
ORPHA:123015	HGNC:6535
ORPHA:123017	HGNC:6541
ORPHA:123021	HGNC:6547
ORPHA:123023	HGNC:18640
ORPHA:123031	HGNC:28887
ORPHA:123034	HGNC:6553
ORPHA:123038	HGNC:6554
ORPHA:123042	HGNC:6572
ORPHA:123046	HGNC:6584
ORPHA:123048	HGNC:6585
ORPHA:123053	HGNC:6595
ORPHA:123055	HGNC:6597
ORPHA:123058	HGNC:6601
ORPHA:123060	HGNC:6613
ORPHA:123063	HGNC:6617
ORPHA:123070	HGNC:16841
ORPHA:123076	HGNC:6631
ORPHA:123085	HGNC:13243
ORPHA:123090	HGNC:6636
ORPHA:123095	HGNC:6637
ORPHA:123102	HGNC:6654
ORPHA:123105	HGNC:6663
ORPHA:123109	HGNC:14450
ORPHA:123112	HGNC:6677
ORPHA:123115	HGNC:6697
ORPHA:123124	HGNC:15714
ORPHA:123129	HGNC:19027
ORPHA:123131	HGNC:6831
ORPHA:123133	HGNC:6833
ORPHA:123135	HGNC:6840
ORPHA:123140	HGNC:6842
ORPHA:123144	HGNC:6893
ORPHA:123154	HGNC:19042
ORPHA:123158	HGNC:6909
ORPHA:123161	HGNC:6930
ORPHA:123164	HGNC:6936
ORPHA:123167	HGNC:6937
ORPHA:123170	HGNC:18451
ORPHA:123175	HGNC:13356
ORPHA:123183	HGNC:6954
ORPHA:123186	HGNC:6990
ORPHA:123191	HGNC:6998
ORPHA:123196	HGNC:7010
ORPHA:123198	HGNC:7027
ORPHA:123201	HGNC:7029
ORPHA:123207	HGNC:16877
ORPHA:123212	HGNC:18121
ORPHA:123216	HGNC:7045
ORPHA:123219	HGNC:7060
ORPHA:123221	HGNC:7095
ORPHA:123227	HGNC:7097
ORPHA:123238	HGNC:7103
ORPHA:123243	HGNC:7105
ORPHA:123245	HGNC:7108
ORPHA:123253	HGNC:7121
ORPHA:123257	HGNC:17082
ORPHA:123263	HGNC:7127
ORPHA:123269	HGNC:7128
ORPHA:123271	HGNC:7132
ORPHA:123279	HGNC:29643
ORPHA:123290	HGNC:7150
ORPHA:123294	HGNC:18871
ORPHA:123296	HGNC:19331
ORPHA:123301	HGNC:18618
ORPHA:123318	HGNC:1968
ORPHA:123322	HGNC:6740
ORPHA:123324	HGNC:6814
ORPHA:123328	HGNC:6826
ORPHA:123334	HGNC:21497
ORPHA:123336	HGNC:87
ORPHA:123340	HGNC:4713
ORPHA:123345	HGNC:13829
ORPHA:123347	HGNC:5101
ORPHA:123357	HGNC:18623
ORPHA:123359	HGNC:2397
ORPHA:123361	HGNC:7881
ORPHA:123364	HGNC:5099
ORPHA:123369	HGNC:43
ORPHA:123371	HGNC:11566
ORPHA:123373	HGNC:14263
ORPHA:123375	HGNC:23406
ORPHA:123381	HGNC:2364
ORPHA:123389	HGNC:17366
ORPHA:123393	HGNC:583
ORPHA:123406	HGNC:1058
ORPHA:123411	HGNC:4886
ORPHA:123414	HGNC:4887
ORPHA:123421	HGNC:9201
ORPHA:123426	HGNC:11025
ORPHA:123431	HGNC:13771
ORPHA:123433	HGNC:24525
ORPHA:123436	HGNC:7159
ORPHA:123439	HGNC:7166
ORPHA:123447	HGNC:18234
ORPHA:123452	HGNC:7190
ORPHA:123455	HGNC:7193
ORPHA:123458	HGNC:7207
ORPHA:123463	HGNC:7216
ORPHA:123465	HGNC:7217
ORPHA:123468	HGNC:7218
ORPHA:123470	HGNC:7224
ORPHA:123473	HGNC:7225
ORPHA:123478	HGNC:1304
ORPHA:123483	HGNC:7230
ORPHA:123487	HGNC:7325
ORPHA:123492	HGNC:7329
ORPHA:123495	HGNC:7391
ORPHA:123500	HGNC:7392
ORPHA:123508	HGNC:7414
ORPHA:123512	HGNC:7419
ORPHA:123516	HGNC:7421
ORPHA:123520	HGNC:7422
ORPHA:123524	HGNC:7427
ORPHA:123529	HGNC:7436
ORPHA:123531	HGNC:7448
ORPHA:123533	HGNC:7450
ORPHA:123537	HGNC:7455
ORPHA:123542	HGNC:7456
ORPHA:123547	HGNC:7458
ORPHA:123552	HGNC:7459
ORPHA:123557	HGNC:7460
ORPHA:123562	HGNC:7461
ORPHA:123567	HGNC:7462
ORPHA:123572	HGNC:7468
ORPHA:123574	HGNC:7473
ORPHA:123576	HGNC:7467
ORPHA:123583	HGNC:7526
ORPHA:123585	HGNC:7527
ORPHA:123588	HGNC:7530
ORPHA:123595	HGNC:7551
ORPHA:123600	HGNC:7559
ORPHA:123603	HGNC:7566
ORPHA:123606	HGNC:7569
ORPHA:123610	HGNC:23212
ORPHA:123615	HGNC:7572
ORPHA:123617	HGNC:7573
ORPHA:123619	HGNC:7576
ORPHA:123621	HGNC:7577
ORPHA:123626	HGNC:7578
ORPHA:123628	HGNC:7579
ORPHA:123631	HGNC:7583
ORPHA:123641	HGNC:7594
ORPHA:123645	HGNC:7602
ORPHA:123648	HGNC:7605
ORPHA:123653	HGNC:7606
ORPHA:123659	HGNC:7610
ORPHA:123664	HGNC:12399
ORPHA:123669	HGNC:7631
ORPHA:123672	HGNC:7632
ORPHA:123675	HGNC:17996
ORPHA:123680	HGNC:7634
ORPHA:123688	HGNC:7652
ORPHA:123695	HGNC:7660
ORPHA:123701	HGNC:7661
ORPHA:123710	HGNC:7675
ORPHA:123713	HGNC:7678
ORPHA:123716	HGNC:7679
ORPHA:123723	HGNC:28086
ORPHA:123727	HGNC:7707
ORPHA:123729	HGNC:7708
ORPHA:123731	HGNC:7710
ORPHA:123733	HGNC:7711
ORPHA:123736	HGNC:7713
ORPHA:123738	HGNC:7714
ORPHA:123743	HGNC:7715
ORPHA:123745	HGNC:7716
ORPHA:123747	HGNC:7717
ORPHA:123749	HGNC:7720
ORPHA:123752	HGNC:7737
ORPHA:123754	HGNC:7739
ORPHA:123757	HGNC:29843
ORPHA:123759	HGNC:7758
ORPHA:123762	HGNC:7762
ORPHA:123767	HGNC:13806
ORPHA:123772	HGNC:7765
ORPHA:123774	HGNC:7773
ORPHA:123777	HGNC:7808
ORPHA:123779	HGNC:21576
ORPHA:123783	HGNC:7820
ORPHA:123785	HGNC:17043
ORPHA:123789	HGNC:28862
ORPHA:123797	HGNC:2488
ORPHA:123821	HGNC:16400
ORPHA:123834	HGNC:22947
ORPHA:123845	HGNC:5331
ORPHA:123854	HGNC:7866
ORPHA:123858	HGNC:7882
ORPHA:123860	HGNC:7883
ORPHA:123864	HGNC:7892
ORPHA:123868	HGNC:7897
ORPHA:123870	HGNC:14537
ORPHA:123874	HGNC:7905
ORPHA:123878	HGNC:7907
ORPHA:123884	HGNC:19104
ORPHA:123889	HGNC:7908
ORPHA:123893	HGNC:13394
ORPHA:123897	HGNC:7944
ORPHA:123902	HGNC:7960
ORPHA:123912	HGNC:7974
ORPHA:123916	HGNC:7978
ORPHA:123920	HGNC:7979
ORPHA:123930	HGNC:8002
ORPHA:123934	HGNC:8007
ORPHA:123937	HGNC:14234
ORPHA:123942	HGNC:13398
ORPHA:123953	HGNC:17820
ORPHA:123961	HGNC:8031
ORPHA:123966	HGNC:8082
ORPHA:123971	HGNC:8091
ORPHA:123974	HGNC:8101
ORPHA:123978	HGNC:8108
ORPHA:123982	HGNC:2567
ORPHA:123996	HGNC:8140
ORPHA:124003	HGNC:8142
ORPHA:124007	HGNC:9936
ORPHA:124012	HGNC:4206
ORPHA:124018	HGNC:1012
ORPHA:124021	HGNC:17142
ORPHA:124029	HGNC:21652
ORPHA:124033	HGNC:8512
ORPHA:124035	HGNC:8515
ORPHA:124040	HGNC:8522
ORPHA:124042	HGNC:8527
ORPHA:124046	HGNC:18124
ORPHA:124051	HGNC:8565
ORPHA:124062	HGNC:8574
ORPHA:124068	HGNC:8582
ORPHA:124070	HGNC:15894
ORPHA:124077	HGNC:8604
ORPHA:124080	HGNC:8607
ORPHA:124084	HGNC:16369
ORPHA:124088	HGNC:8616
ORPHA:124090	HGNC:8617
ORPHA:124094	HGNC:8620
ORPHA:124100	HGNC:8621
ORPHA:124103	HGNC:8622
ORPHA:124105	HGNC:8623
ORPHA:124107	HGNC:8636
ORPHA:124110	HGNC:8646
ORPHA:124115	HGNC:8653
ORPHA:124117	HGNC:8654
ORPHA:124119	HGNC:14674
ORPHA:124123	HGNC:8724
ORPHA:124125	HGNC:8725
ORPHA:124129	HGNC:8727
ORPHA:124131	HGNC:8743
ORPHA:124137	HGNC:20001
ORPHA:124142	HGNC:8761
ORPHA:124146	HGNC:8785
ORPHA:124149	HGNC:8786
ORPHA:124154	HGNC:8803
ORPHA:124161	HGNC:8806
ORPHA:124164	HGNC:8808
ORPHA:124166	HGNC:21350
ORPHA:124173	HGNC:6107
ORPHA:124187	HGNC:8840
ORPHA:124189	HGNC:8850
ORPHA:124191	HGNC:8851
ORPHA:124194	HGNC:8854
ORPHA:124196	HGNC:8855
ORPHA:124198	HGNC:8856
ORPHA:124200	HGNC:8857
ORPHA:124202	HGNC:9713
ORPHA:124206	HGNC:22965
ORPHA:124209	HGNC:8858
ORPHA:124211	HGNC:9719
ORPHA:124215	HGNC:8859
ORPHA:124219	HGNC:8860
ORPHA:124223	HGNC:8877
ORPHA:124227	HGNC:8896
ORPHA:124229	HGNC:8905
ORPHA:124239	HGNC:8918
ORPHA:132262	HGNC:3689
ORPHA:132264	HGNC:3435
ORPHA:132271	HGNC:3437
ORPHA:132285	HGNC:644
ORPHA:133452	HGNC:11117
ORPHA:137646	HGNC:26648
ORPHA:137959	HGNC:11609
ORPHA:137988	HGNC:560
ORPHA:138233	HGNC:4801
ORPHA:138359	HGNC:16473
ORPHA:138361	HGNC:22938
ORPHA:138366	HGNC:3765
ORPHA:138376	HGNC:8804
ORPHA:138383	HGNC:21734
ORPHA:138386	HGNC:11199
ORPHA:138447	HGNC:25568
ORPHA:138451	HGNC:11730
ORPHA:138457	HGNC:11727
ORPHA:138462	HGNC:6018
ORPHA:138467	HGNC:8066
ORPHA:138472	HGNC:10891
ORPHA:138475	HGNC:30802
ORPHA:138480	HGNC:2468
ORPHA:138486	HGNC:11957
ORPHA:138499	HGNC:16892
ORPHA:138503	HGNC:4279
ORPHA:138509	HGNC:22140
ORPHA:138514	HGNC:21637
ORPHA:138516	HGNC:4318
ORPHA:138518	HGNC:11701
ORPHA:138523	HGNC:11364
ORPHA:138526	HGNC:30650
ORPHA:138530	HGNC:9958
ORPHA:138533	HGNC:336
ORPHA:138543	HGNC:11123
ORPHA:138557	HGNC:15512
ORPHA:138561	HGNC:7432
ORPHA:138568	HGNC:14604
ORPHA:138570	HGNC:19125
ORPHA:138575	HGNC:14344
ORPHA:138578	HGNC:5465
ORPHA:138583	HGNC:20672
ORPHA:138671	HGNC:4823
ORPHA:138681	HGNC:10845
ORPHA:138689	HGNC:12502
ORPHA:138702	HGNC:18286
ORPHA:138706	HGNC:9476
ORPHA:138711	HGNC:6295
ORPHA:138719	HGNC:2577
ORPHA:138722	HGNC:9829
ORPHA:138728	HGNC:4942
ORPHA:138732	HGNC:592
ORPHA:138742	HGNC:10031
ORPHA:138820	HGNC:4979
ORPHA:138829	HGNC:4803
ORPHA:138831	HGNC:130
ORPHA:138843	HGNC:19316
ORPHA:138847	HGNC:2379
ORPHA:138851	HGNC:1509
ORPHA:138895	HGNC:7490
ORPHA:138900	HGNC:7489
ORPHA:138902	HGNC:7470
ORPHA:138906	HGNC:7495
ORPHA:139106	HGNC:9483
ORPHA:139109	HGNC:2523
ORPHA:139142	HGNC:388
ORPHA:139145	HGNC:13221
ORPHA:139150	HGNC:1052
ORPHA:139158	HGNC:16171
ORPHA:139163	HGNC:3433
ORPHA:139165	HGNC:3495
ORPHA:139168	HGNC:6365
ORPHA:139173	HGNC:29659
ORPHA:139176	HGNC:7167
ORPHA:139178	HGNC:26190
ORPHA:139184	HGNC:14374
ORPHA:139187	HGNC:7683
ORPHA:139189	HGNC:26144
ORPHA:139193	HGNC:30521
ORPHA:139197	HGNC:11021
ORPHA:139199	HGNC:11535
ORPHA:139217	HGNC:16361
ORPHA:139778	HGNC:6929
ORPHA:139780	HGNC:16517
ORPHA:139795	HGNC:12599
ORPHA:139802	HGNC:24797
ORPHA:139855	HGNC:3600
ORPHA:139906	HGNC:12840
ORPHA:140036	HGNC:12469
ORPHA:140041	HGNC:8507
ORPHA:140044	HGNC:3702
ORPHA:140047	HGNC:1071
ORPHA:140050	HGNC:11824
ORPHA:140053	HGNC:16812
ORPHA:140058	HGNC:23094
ORPHA:140067	HGNC:2711
ORPHA:140069	HGNC:14508
ORPHA:140074	HGNC:21158
ORPHA:140514	HGNC:7479
ORPHA:140526	HGNC:31923
ORPHA:140541	HGNC:29168
ORPHA:140560	HGNC:33
ORPHA:140567	HGNC:6776
ORPHA:156077	HGNC:11825
ORPHA:235193	HGNC:7315
ORPHA:235199	HGNC:1701
ORPHA:235204	HGNC:2417
ORPHA:235207	HGNC:13556
ORPHA:235504	HGNC:3493
ORPHA:236638	HGNC:17321
ORPHA:236656	HGNC:14258
ORPHA:236967	HGNC:1699
ORPHA:236971	HGNC:14211
ORPHA:237462	HGNC:11598
ORPHA:237464	HGNC:11843
ORPHA:238544	HGNC:23639
ORPHA:238991	HGNC:14063
ORPHA:238998	HGNC:8789
ORPHA:239001	HGNC:18362
ORPHA:239011	HGNC:7133
ORPHA:239021	HGNC:20670
ORPHA:239862	HGNC:11242
ORPHA:239865	HGNC:5969
ORPHA:239872	HGNC:6120
ORPHA:239874	HGNC:17103
ORPHA:239881	HGNC:14668
ORPHA:239888	HGNC:7788
ORPHA:239891	HGNC:9204
ORPHA:239894	HGNC:9205
ORPHA:239896	HGNC:9206
ORPHA:239898	HGNC:26257
ORPHA:239943	HGNC:29203
ORPHA:239949	HGNC:24502
ORPHA:239955	HGNC:29250
ORPHA:239959	HGNC:8104
ORPHA:239962	HGNC:25808
ORPHA:239967	HGNC:26498
ORPHA:239970	HGNC:15868
ORPHA:240651	HGNC:29501
ORPHA:240658	HGNC:24249
ORPHA:240663	HGNC:6345
ORPHA:240669	HGNC:29298
ORPHA:240672	HGNC:618
ORPHA:240686	HGNC:1552
ORPHA:240691	HGNC:1987
ORPHA:241992	HGNC:2228
ORPHA:241999	HGNC:10959
ORPHA:242004	HGNC:9816
ORPHA:242313	HGNC:25155
ORPHA:242325	HGNC:19711
ORPHA:242915	HGNC:1541
ORPHA:242919	HGNC:25812
ORPHA:242924	HGNC:11828
ORPHA:242929	HGNC:26784
ORPHA:244206	HGNC:20444
ORPHA:244279	HGNC:24475
ORPHA:244322	HGNC:11075
ORPHA:244364	HGNC:10671
ORPHA:244368	HGNC:28986
ORPHA:244371	HGNC:20278
ORPHA:244375	HGNC:26927
ORPHA:244378	HGNC:10975
ORPHA:244385	HGNC:14550
ORPHA:244390	HGNC:19869
ORPHA:244395	HGNC:24154
ORPHA:244400	HGNC:11278
ORPHA:244406	HGNC:13831
ORPHA:244547	HGNC:30220
ORPHA:244686	HGNC:8768
ORPHA:244693	HGNC:11049
ORPHA:244706	HGNC:932
ORPHA:244711	HGNC:6171
ORPHA:244716	HGNC:26276
ORPHA:244720	HGNC:9276
ORPHA:244737	HGNC:5964
ORPHA:244742	HGNC:5965
ORPHA:244810	HGNC:2701
ORPHA:246552	HGNC:25244
ORPHA:246554	HGNC:26090
ORPHA:246647	HGNC:24682
ORPHA:246653	HGNC:7590
ORPHA:246681	HGNC:8033
ORPHA:246689	HGNC:2345
ORPHA:247145	HGNC:5383
ORPHA:247147	HGNC:8760
ORPHA:247155	HGNC:28027
ORPHA:248276	HGNC:6872
ORPHA:248481	HGNC:14064
ORPHA:248487	HGNC:5009
ORPHA:250168	HGNC:20422
ORPHA:250175	HGNC:28880
ORPHA:250181	HGNC:4218
ORPHA:250183	HGNC:20194
ORPHA:251270	HGNC:30605
ORPHA:251503	HGNC:26031
ORPHA:251683	HGNC:19688
ORPHA:251688	HGNC:15946
ORPHA:252117	HGNC:6901
ORPHA:252455	HGNC:7685
ORPHA:252458	HGNC:17759
ORPHA:258532	HGNC:27375
ORPHA:258534	HGNC:15917
ORPHA:258542	HGNC:37227
ORPHA:258610	HGNC:9545
ORPHA:258621	HGNC:7744
ORPHA:258625	HGNC:10648
ORPHA:258631	HGNC:20318
ORPHA:258633	HGNC:25240
ORPHA:259354	HGNC:23845
ORPHA:259358	HGNC:124
ORPHA:259361	HGNC:20603
ORPHA:259368	HGNC:4241
ORPHA:259373	HGNC:28741
ORPHA:260331	HGNC:6769
ORPHA:260335	HGNC:8490
ORPHA:260339	HGNC:17151
ORPHA:260341	HGNC:24576
ORPHA:260345	HGNC:1744
ORPHA:260351	HGNC:25660
ORPHA:260358	HGNC:26006
ORPHA:260361	HGNC:25774
ORPHA:260545	HGNC:29186
ORPHA:260583	HGNC:6848
ORPHA:260588	HGNC:8487
ORPHA:260595	HGNC:24247
ORPHA:260599	HGNC:17213
ORPHA:260602	HGNC:14539
ORPHA:260889	HGNC:12410
ORPHA:260894	HGNC:794
ORPHA:263765	HGNC:7545
ORPHA:264482	HGNC:26361
ORPHA:264501	HGNC:23452
ORPHA:264663	HGNC:1960
ORPHA:265147	HGNC:39433
ORPHA:265258	HGNC:34016
ORPHA:265457	HGNC:7684
ORPHA:265487	HGNC:19414
ORPHA:265490	HGNC:8824
ORPHA:265497	HGNC:4551
ORPHA:265505	HGNC:31948
ORPHA:265545	HGNC:30129
ORPHA:266109	HGNC:5985
ORPHA:266117	HGNC:16404
ORPHA:266126	HGNC:4586
ORPHA:266150	HGNC:15860
ORPHA:266162	HGNC:25522
ORPHA:266184	HGNC:6215
ORPHA:267088	HGNC:29216
ORPHA:267102	HGNC:33848
ORPHA:267232	HGNC:14048
ORPHA:267235	HGNC:12420
ORPHA:267365	HGNC:838
ORPHA:267449	HGNC:7500
ORPHA:268016	HGNC:14244
ORPHA:268049	HGNC:7516
ORPHA:268052	HGNC:4817
ORPHA:268061	HGNC:30497
ORPHA:268073	HGNC:12580
ORPHA:268087	HGNC:23247
ORPHA:268103	HGNC:21143
ORPHA:268325	HGNC:25941
ORPHA:268343	HGNC:21957
ORPHA:268351	HGNC:30100
ORPHA:268795	HGNC:24185
ORPHA:268803	HGNC:11122
ORPHA:269544	HGNC:5586
ORPHA:269639	HGNC:21022
ORPHA:269646	HGNC:23015
ORPHA:269704	HGNC:4699
ORPHA:269752	HGNC:14857
ORPHA:269756	HGNC:3007
ORPHA:269762	HGNC:18620
ORPHA:269879	HGNC:10799
ORPHA:269928	HGNC:12851
ORPHA:269953	HGNC:14154
ORPHA:270002	HGNC:29669
ORPHA:270009	HGNC:5716
ORPHA:270014	HGNC:3091
ORPHA:270019	HGNC:30794
ORPHA:270026	HGNC:2976
ORPHA:270032	HGNC:7599
ORPHA:270043	HGNC:4092
ORPHA:270045	HGNC:573
ORPHA:270048	HGNC:572
ORPHA:270052	HGNC:575
ORPHA:270071	HGNC:9142
ORPHA:270208	HGNC:18183
ORPHA:270336	HGNC:9349
ORPHA:270347	HGNC:14673
ORPHA:270352	HGNC:9060
ORPHA:270354	HGNC:24123
ORPHA:270389	HGNC:29174
ORPHA:270424	HGNC:9678
ORPHA:270442	HGNC:21528
ORPHA:270465	HGNC:25367
ORPHA:270468	HGNC:29022
ORPHA:273977	HGNC:21316
ORPHA:274023	HGNC:18985
ORPHA:274222	HGNC:4171
ORPHA:274226	HGNC:26113
ORPHA:274231	HGNC:6816
ORPHA:279603	HGNC:31928
ORPHA:279606	HGNC:19189
ORPHA:279640	HGNC:4223
ORPHA:279644	HGNC:16255
ORPHA:279649	HGNC:15911
ORPHA:279661	HGNC:17116
ORPHA:279753	HGNC:28636
ORPHA:279756	HGNC:6823
ORPHA:279764	HGNC:2372
ORPHA:279771	HGNC:888
ORPHA:279776	HGNC:17104
ORPHA:279781	HGNC:16235
ORPHA:279838	HGNC:2602
ORPHA:280090	HGNC:32456
ORPHA:280099	HGNC:16257
ORPHA:280122	HGNC:11280
ORPHA:280151	HGNC:6524
ORPHA:280190	HGNC:16692
ORPHA:280347	HGNC:2666
ORPHA:280360	HGNC:9076
ORPHA:280390	HGNC:1356
ORPHA:280409	HGNC:20233
ORPHA:280563	HGNC:2736
ORPHA:280581	HGNC:17397
ORPHA:280591	HGNC:26019
ORPHA:280623	HGNC:4431
ORPHA:280636	HGNC:8967
ORPHA:280647	HGNC:6494
ORPHA:280659	HGNC:4044
ORPHA:280669	HGNC:8549
ORPHA:280675	HGNC:1938
ORPHA:281347	HGNC:12509
ORPHA:281391	HGNC:20330
ORPHA:281457	HGNC:15561
ORPHA:281472	HGNC:391
ORPHA:281482	HGNC:18318
ORPHA:281487	HGNC:5201
ORPHA:281616	HGNC:17619
ORPHA:281690	HGNC:1062
ORPHA:281695	HGNC:18704
ORPHA:281857	HGNC:4829
ORPHA:281864	HGNC:12823
ORPHA:281884	HGNC:7865
ORPHA:281953	HGNC:2908
ORPHA:282786	HGNC:4584
ORPHA:283988	HGNC:15511
ORPHA:284116	HGNC:6176
ORPHA:284146	HGNC:923
ORPHA:284155	HGNC:5967
ORPHA:284237	HGNC:2961
ORPHA:284258	HGNC:5476
ORPHA:284278	HGNC:23143
ORPHA:284296	HGNC:25519
ORPHA:285068	HGNC:3296
ORPHA:285081	HGNC:13487
ORPHA:285089	HGNC:14966
ORPHA:285106	HGNC:30074
ORPHA:285118	HGNC:30348
ORPHA:285128	HGNC:7197
ORPHA:285156	HGNC:17582
ORPHA:285223	HGNC:10866
ORPHA:285341	HGNC:17928
ORPHA:285348	HGNC:23564
ORPHA:285362	HGNC:25361
ORPHA:285396	HGNC:26219
ORPHA:285406	HGNC:20509
ORPHA:285468	HGNC:18340
ORPHA:285488	HGNC:10313
ORPHA:285499	HGNC:20486
ORPHA:285739	HGNC:12381
ORPHA:285758	HGNC:4165
ORPHA:286217	HGNC:10009
ORPHA:286546	HGNC:28337
ORPHA:286549	HGNC:1395
ORPHA:286552	HGNC:21869
ORPHA:286557	HGNC:4916
ORPHA:286578	HGNC:4888
ORPHA:286593	HGNC:16980
ORPHA:286604	HGNC:24668
ORPHA:286619	HGNC:18155
ORPHA:286631	HGNC:14432
ORPHA:286634	HGNC:6391
ORPHA:286639	HGNC:9038
ORPHA:287069	HGNC:1067
ORPHA:287584	HGNC:33699
ORPHA:288959	HGNC:9921
ORPHA:288971	HGNC:27232
ORPHA:289008	HGNC:16859
ORPHA:289276	HGNC:4585
ORPHA:289298	HGNC:257
ORPHA:289319	HGNC:7179
ORPHA:289371	HGNC:10250
ORPHA:289375	HGNC:18122
ORPHA:289472	HGNC:18398
ORPHA:289488	HGNC:19317
ORPHA:289511	HGNC:27288
ORPHA:289535	HGNC:18828
ORPHA:289543	HGNC:950
ORPHA:289569	HGNC:25443
ORPHA:289576	HGNC:16287
ORPHA:289583	HGNC:24415
ORPHA:289589	HGNC:2481
ORPHA:289604	HGNC:8021
ORPHA:289897	HGNC:4415
ORPHA:290194	HGNC:13128
ORPHA:290272	HGNC:13315
ORPHA:290420	HGNC:6913
ORPHA:290568	HGNC:12637
ORPHA:291509	HGNC:8157
ORPHA:291703	HGNC:30500
ORPHA:291742	HGNC:7693
ORPHA:291751	HGNC:2918
ORPHA:291794	HGNC:47
ORPHA:291802	HGNC:496
ORPHA:291813	HGNC:2203
ORPHA:291819	HGNC:3527
ORPHA:291830	HGNC:10955
ORPHA:291843	HGNC:28216
ORPHA:291853	HGNC:4174
ORPHA:291856	HGNC:2959
ORPHA:291915	HGNC:1142
ORPHA:292027	HGNC:7704
ORPHA:292035	HGNC:35126
ORPHA:292052	HGNC:5112
ORPHA:292088	HGNC:10669
ORPHA:292098	HGNC:29634
ORPHA:292102	HGNC:25815
ORPHA:292175	HGNC:19351
ORPHA:292247	HGNC:385
ORPHA:292259	HGNC:387
ORPHA:292297	HGNC:11098
ORPHA:292309	HGNC:16974
ORPHA:292321	HGNC:7698
ORPHA:292376	HGNC:29861
ORPHA:292381	HGNC:31371
ORPHA:292385	HGNC:20788
ORPHA:292401	HGNC:6388
ORPHA:292410	HGNC:30858
ORPHA:292419	HGNC:18348
ORPHA:292425	HGNC:12033
ORPHA:292437	HGNC:10961
ORPHA:292448	HGNC:12736
ORPHA:292693	HGNC:6341
ORPHA:292698	HGNC:9891
ORPHA:292990	HGNC:26944
ORPHA:292992	HGNC:12370
ORPHA:293019	HGNC:28648
ORPHA:293028	HGNC:10947
ORPHA:293034	HGNC:24039
ORPHA:293042	HGNC:1090
ORPHA:293085	HGNC:1406
ORPHA:293091	HGNC:3378
ORPHA:293095	HGNC:18040
ORPHA:293103	HGNC:11110
ORPHA:293114	HGNC:11608
ORPHA:293293	HGNC:1784
ORPHA:293303	HGNC:1788
ORPHA:293311	HGNC:1789
ORPHA:293315	HGNC:30417
ORPHA:293326	HGNC:6556
ORPHA:293867	HGNC:6408
ORPHA:293928	HGNC:10596
ORPHA:294456	HGNC:18084
ORPHA:294681	HGNC:6947
ORPHA:294689	HGNC:10723
ORPHA:295279	HGNC:29086
ORPHA:296684	HGNC:14888
ORPHA:296690	HGNC:30492
ORPHA:296697	HGNC:9905
ORPHA:297206	HGNC:6269
ORPHA:297209	HGNC:9823
ORPHA:297456	HGNC:8149
ORPHA:297627	HGNC:24268
ORPHA:297634	HGNC:7376
ORPHA:298500	HGNC:13907
ORPHA:298784	HGNC:12518
ORPHA:299148	HGNC:1952
ORPHA:299152	HGNC:5382
ORPHA:299156	HGNC:21478
ORPHA:299166	HGNC:20581
ORPHA:299169	HGNC:31555
ORPHA:299186	HGNC:17358
ORPHA:299456	HGNC:195
ORPHA:299619	HGNC:25801
ORPHA:299622	HGNC:29478
ORPHA:299625	HGNC:7413
ORPHA:299630	HGNC:8783
ORPHA:299636	HGNC:8966
ORPHA:299641	HGNC:10898
ORPHA:299649	HGNC:12829
ORPHA:299652	HGNC:14974
ORPHA:299657	HGNC:29666
ORPHA:299660	HGNC:393
ORPHA:300201	HGNC:30035
ORPHA:300208	HGNC:1399
ORPHA:302892	HGNC:29077
ORPHA:302903	HGNC:25994
ORPHA:302920	HGNC:4387
ORPHA:302923	HGNC:9059
ORPHA:302925	HGNC:10771
ORPHA:302938	HGNC:37276
ORPHA:302946	HGNC:29304
ORPHA:302951	HGNC:6239
ORPHA:303011	HGNC:25135
ORPHA:303024	HGNC:20323
ORPHA:303028	HGNC:18708
ORPHA:303168	HGNC:1742
ORPHA:303176	HGNC:28993
ORPHA:303711	HGNC:6741
ORPHA:303726	HGNC:32700
ORPHA:303739	HGNC:24565
ORPHA:303747	HGNC:17944
ORPHA:303758	HGNC:2001
ORPHA:303801	HGNC:6354
ORPHA:303805	HGNC:2553
ORPHA:303807	HGNC:4816
ORPHA:303819	HGNC:9066
ORPHA:303823	HGNC:2340
ORPHA:303828	HGNC:4455
ORPHA:303832	HGNC:2728
ORPHA:304005	HGNC:18127
ORPHA:304075	HGNC:7863
ORPHA:304165	HGNC:18625
ORPHA:304172	HGNC:9083
ORPHA:304191	HGNC:15802
ORPHA:304234	HGNC:9811
ORPHA:304242	HGNC:12261
ORPHA:304247	HGNC:1630
ORPHA:304263	HGNC:17109
ORPHA:304455	HGNC:29941
ORPHA:304486	HGNC:15480
ORPHA:304648	HGNC:23215
ORPHA:304678	HGNC:30224
ORPHA:304694	HGNC:16446
ORPHA:304764	HGNC:27845
ORPHA:304804	HGNC:7967
ORPHA:306073	HGNC:11185
ORPHA:306100	HGNC:29264
ORPHA:306106	HGNC:26530
ORPHA:306110	HGNC:7155
ORPHA:306122	HGNC:8980
ORPHA:306169	HGNC:31376
ORPHA:306172	HGNC:20774
ORPHA:306184	HGNC:35416
ORPHA:306189	HGNC:3319
ORPHA:306416	HGNC:9650
ORPHA:308053	HGNC:24156
ORPHA:308058	HGNC:16644
ORPHA:308114	HGNC:29170
ORPHA:308222	HGNC:29944
ORPHA:308262	HGNC:15518
ORPHA:310043	HGNC:24519
ORPHA:310103	HGNC:15983
ORPHA:310112	HGNC:2891
ORPHA:310221	HGNC:6772
ORPHA:310402	HGNC:26300
ORPHA:310406	HGNC:5724
ORPHA:310425	HGNC:8881
ORPHA:310433	HGNC:39080
ORPHA:310451	HGNC:14153
ORPHA:310474	HGNC:25902
ORPHA:310793	HGNC:17877
ORPHA:310868	HGNC:8141
ORPHA:311032	HGNC:25355
ORPHA:311039	HGNC:6139
ORPHA:311047	HGNC:22197
ORPHA:311068	HGNC:103
ORPHA:311103	HGNC:5111
ORPHA:311114	HGNC:1494
ORPHA:311118	HGNC:15532
ORPHA:311122	HGNC:3573
ORPHA:311140	HGNC:10896
ORPHA:311145	HGNC:6229
ORPHA:311271	HGNC:25532
ORPHA:311350	HGNC:18550
ORPHA:311367	HGNC:39436
ORPHA:311398	HGNC:816
ORPHA:311424	HGNC:16075
ORPHA:311452	HGNC:11524
ORPHA:311455	HGNC:11522
ORPHA:311587	HGNC:7671
ORPHA:311649	HGNC:2191
ORPHA:312680	HGNC:16902
ORPHA:313822	HGNC:16762
ORPHA:313834	HGNC:29182
ORPHA:314731	HGNC:7160
ORPHA:314894	HGNC:12642
ORPHA:314938	HGNC:1268
ORPHA:315385	HGNC:21062
ORPHA:315395	HGNC:17748
ORPHA:315413	HGNC:68
ORPHA:315421	HGNC:21033
ORPHA:315424	HGNC:32207
ORPHA:315470	HGNC:4053
ORPHA:315478	HGNC:5358
ORPHA:315787	HGNC:24054
ORPHA:315800	HGNC:26013
ORPHA:316081	HGNC:24488
ORPHA:316325	HGNC:22433
ORPHA:316333	HGNC:24579
ORPHA:316341	HGNC:19368
ORPHA:316377	HGNC:1385
ORPHA:317358	HGNC:4839
ORPHA:317366	HGNC:25662
ORPHA:317370	HGNC:8853
ORPHA:317373	HGNC:16725
ORPHA:317382	HGNC:18865
ORPHA:317387	HGNC:1442
ORPHA:317394	HGNC:6593
ORPHA:317398	HGNC:11931
ORPHA:317410	HGNC:9211
ORPHA:317445	HGNC:9652
ORPHA:317546	HGNC:5125
ORPHA:317554	HGNC:8516
ORPHA:317560	HGNC:23166
ORPHA:317567	HGNC:26901
ORPHA:317572	HGNC:10327
ORPHA:317635	HGNC:13530
ORPHA:317667	HGNC:25133
ORPHA:317674	HGNC:2433
ORPHA:317684	HGNC:26169
ORPHA:317699	HGNC:118
ORPHA:317704	HGNC:11201
ORPHA:317719	HGNC:29419
ORPHA:317726	HGNC:4688
ORPHA:317739	HGNC:11303
ORPHA:317743	HGNC:5228
ORPHA:317747	HGNC:14361
ORPHA:317756	HGNC:19261
ORPHA:317761	HGNC:18806
ORPHA:317771	HGNC:914
ORPHA:317781	HGNC:30760
ORPHA:317798	HGNC:11408
ORPHA:318745	HGNC:13176
ORPHA:318754	HGNC:9413
ORPHA:318839	HGNC:3233
ORPHA:318853	HGNC:33499
ORPHA:318860	HGNC:30778
ORPHA:318865	HGNC:11584
ORPHA:319033	HGNC:18654
ORPHA:319038	HGNC:28927
ORPHA:320176	HGNC:29090
ORPHA:320192	HGNC:20577
ORPHA:320199	HGNC:24912
ORPHA:320535	HGNC:21297
ORPHA:320542	HGNC:565
ORPHA:320561	HGNC:14103
ORPHA:320663	HGNC:19967
ORPHA:320756	HGNC:14004
ORPHA:320765	HGNC:23537
ORPHA:320785	HGNC:14025
ORPHA:320793	HGNC:145
ORPHA:320815	HGNC:11365
ORPHA:321333	HGNC:2726
ORPHA:321350	HGNC:6973
ORPHA:321364	HGNC:37234
ORPHA:321573	HGNC:20582
ORPHA:321575	HGNC:29106
ORPHA:321589	HGNC:19957
ORPHA:321640	HGNC:30225
ORPHA:322097	HGNC:21246
ORPHA:322104	HGNC:24783
ORPHA:322120	HGNC:3618
ORPHA:322841	HGNC:7013
ORPHA:322852	HGNC:11161
ORPHA:322975	HGNC:43724
ORPHA:323398	HGNC:26560
ORPHA:323407	HGNC:3147
ORPHA:323427	HGNC:6080
ORPHA:323437	HGNC:29331
ORPHA:323464	HGNC:12926
ORPHA:323471	HGNC:7208
ORPHA:324240	HGNC:7869
ORPHA:324251	HGNC:24928
ORPHA:325017	HGNC:2291
ORPHA:325022	HGNC:14906
ORPHA:325025	HGNC:43984
ORPHA:325132	HGNC:10379
ORPHA:325261	HGNC:2363
ORPHA:325281	HGNC:12036
ORPHA:325286	HGNC:17756
ORPHA:325671	HGNC:34382
ORPHA:325673	HGNC:33240
ORPHA:325976	HGNC:10582
ORPHA:326052	HGNC:26970
ORPHA:326069	HGNC:25415
ORPHA:326078	HGNC:11368
ORPHA:326081	HGNC:7627
ORPHA:326090	HGNC:24160
ORPHA:326554	HGNC:3182
ORPHA:326692	HGNC:17805
ORPHA:326706	HGNC:11753
ORPHA:326742	HGNC:2092
ORPHA:326747	HGNC:10774
ORPHA:326751	HGNC:7871
ORPHA:326843	HGNC:21086
ORPHA:326886	HGNC:37212
ORPHA:327283	HGNC:4593
ORPHA:327288	HGNC:26600
ORPHA:327290	HGNC:1382
ORPHA:327294	HGNC:13533
ORPHA:327299	HGNC:13993
ORPHA:327301	HGNC:686
ORPHA:327310	HGNC:1391
ORPHA:327331	HGNC:2063
ORPHA:327338	HGNC:30881
ORPHA:327364	HGNC:4912
ORPHA:327379	HGNC:21176
ORPHA:327388	HGNC:8740
ORPHA:327400	HGNC:236
ORPHA:327795	HGNC:11802
ORPHA:328666	HGNC:18986
ORPHA:328676	HGNC:20889
ORPHA:328691	HGNC:409
ORPHA:328699	HGNC:10978
ORPHA:328743	HGNC:26703
ORPHA:328770	HGNC:12586
ORPHA:328840	HGNC:23246
ORPHA:328915	HGNC:6137
ORPHA:328918	HGNC:21685
ORPHA:328924	HGNC:10583
ORPHA:328936	HGNC:7499
ORPHA:330232	HGNC:5948
ORPHA:330340	HGNC:10513
ORPHA:330631	HGNC:28596
ORPHA:330666	HGNC:163
ORPHA:330673	HGNC:15888
ORPHA:330683	HGNC:15459
ORPHA:330703	HGNC:11623
ORPHA:330717	HGNC:24245
ORPHA:330730	HGNC:7508
ORPHA:330740	HGNC:28287
ORPHA:330748	HGNC:26232
ORPHA:330772	HGNC:25535
ORPHA:330780	HGNC:2852
ORPHA:330810	HGNC:12155
ORPHA:330881	HGNC:12027
ORPHA:330897	HGNC:12252
ORPHA:330902	HGNC:12271
ORPHA:330909	HGNC:11648
ORPHA:330912	HGNC:5056
ORPHA:330918	HGNC:13532
ORPHA:331658	HGNC:15864
ORPHA:331676	HGNC:3006
ORPHA:331681	HGNC:4868
ORPHA:331692	HGNC:1482
ORPHA:331697	HGNC:30032
ORPHA:331701	HGNC:15807
ORPHA:331710	HGNC:2843
ORPHA:331716	HGNC:13478
ORPHA:331721	HGNC:28912
ORPHA:331747	HGNC:4388
ORPHA:331749	HGNC:1537
ORPHA:331806	HGNC:2973
ORPHA:331852	HGNC:4236
ORPHA:331880	HGNC:29521
ORPHA:331927	HGNC:5033
ORPHA:331931	HGNC:5031
ORPHA:331934	HGNC:12774
ORPHA:331952	HGNC:17893
ORPHA:331958	HGNC:28526
ORPHA:331967	HGNC:2084
ORPHA:331972	HGNC:17095
ORPHA:331979	HGNC:18249
ORPHA:332034	HGNC:11605
ORPHA:332043	HGNC:15685
ORPHA:332055	HGNC:26270
ORPHA:332077	HGNC:9399
ORPHA:332108	HGNC:3444
ORPHA:332111	HGNC:11109
ORPHA:332185	HGNC:6902
ORPHA:332191	HGNC:3625
ORPHA:332459	HGNC:11927
ORPHA:332465	HGNC:2172
ORPHA:332912	HGNC:2939
ORPHA:333071	HGNC:6484
ORPHA:333084	HGNC:16393
ORPHA:333104	HGNC:2409
ORPHA:352217	HGNC:8979
ORPHA:352239	HGNC:7879
ORPHA:352561	HGNC:7059
ORPHA:352609	HGNC:8930
ORPHA:352646	HGNC:26267
ORPHA:353211	HGNC:21014
ORPHA:353231	HGNC:19367
ORPHA:353238	HGNC:26200
ORPHA:353241	HGNC:13552
ORPHA:353250	HGNC:18648
ORPHA:353330	HGNC:17284
ORPHA:353369	HGNC:16950
ORPHA:353372	HGNC:18423
ORPHA:353445	HGNC:4449
ORPHA:353460	HGNC:19750
ORPHA:353497	HGNC:4390
ORPHA:353516	HGNC:11989
ORPHA:353524	HGNC:22219
ORPHA:353548	HGNC:10939
ORPHA:353576	HGNC:823
ORPHA:353586	HGNC:2956
ORPHA:353589	HGNC:18233
ORPHA:353699	HGNC:23503
ORPHA:353728	HGNC:24931
ORPHA:353734	HGNC:17616
ORPHA:353741	HGNC:3673
ORPHA:353744	HGNC:3072
ORPHA:353749	HGNC:15533
ORPHA:353751	HGNC:3762
ORPHA:353890	HGNC:11850
ORPHA:353921	HGNC:2018
ORPHA:354069	HGNC:23405
ORPHA:354117	HGNC:28423
ORPHA:354122	HGNC:16205
ORPHA:355492	HGNC:25681
ORPHA:355507	HGNC:6009
ORPHA:356106	HGNC:678
ORPHA:356123	HGNC:15469
ORPHA:356136	HGNC:16650
ORPHA:356141	HGNC:29357
ORPHA:356158	HGNC:23044
ORPHA:356164	HGNC:10935
ORPHA:356169	HGNC:20731
ORPHA:356172	HGNC:8811
ORPHA:356176	HGNC:6486
ORPHA:356180	HGNC:2531
ORPHA:356190	HGNC:9177
ORPHA:356203	HGNC:9922
ORPHA:356212	HGNC:10982
ORPHA:356228	HGNC:21061
ORPHA:356638	HGNC:5650
ORPHA:356847	HGNC:11922
ORPHA:356939	HGNC:17978
ORPHA:357019	HGNC:14988
ORPHA:357054	HGNC:24725
ORPHA:357214	HGNC:21698
ORPHA:357229	HGNC:6502
ORPHA:357435	HGNC:6006
ORPHA:357449	HGNC:1493
ORPHA:357453	HGNC:12013
ORPHA:357738	HGNC:20041
ORPHA:357756	HGNC:6392
ORPHA:357791	HGNC:23505
ORPHA:357802	HGNC:30922
ORPHA:358321	HGNC:24592
ORPHA:358399	HGNC:6149
ORPHA:358431	HGNC:11022
ORPHA:358443	HGNC:10979
ORPHA:358448	HGNC:494
ORPHA:358558	HGNC:9768
ORPHA:358562	HGNC:30372
ORPHA:358571	HGNC:4117
ORPHA:358598	HGNC:14000
ORPHA:358630	HGNC:10023
ORPHA:358659	HGNC:188
ORPHA:358666	HGNC:21144
ORPHA:358705	HGNC:16063
ORPHA:358708	HGNC:5041
ORPHA:358713	HGNC:2745
ORPHA:360173	HGNC:15906
ORPHA:360224	HGNC:4379
ORPHA:360230	HGNC:7114
ORPHA:360280	HGNC:11645
ORPHA:360362	HGNC:1246
ORPHA:360481	HGNC:25583
ORPHA:360484	HGNC:21493
ORPHA:360491	HGNC:12371
ORPHA:360500	HGNC:19412
ORPHA:360504	HGNC:1144
ORPHA:360868	HGNC:6278
ORPHA:361071	HGNC:7982
ORPHA:361085	HGNC:11547
ORPHA:361109	HGNC:22932
ORPHA:361114	HGNC:1917
ORPHA:361157	HGNC:10589
ORPHA:361188	HGNC:26724
ORPHA:361372	HGNC:23508
ORPHA:362495	HGNC:4940
ORPHA:362774	HGNC:26929
ORPHA:363060	HGNC:6701
ORPHA:363071	HGNC:638
ORPHA:363162	HGNC:17146
ORPHA:363255	HGNC:19744
ORPHA:363263	HGNC:8032
ORPHA:363276	HGNC:2579
ORPHA:363279	HGNC:9414
ORPHA:363310	HGNC:21862
ORPHA:363440	HGNC:4389
ORPHA:363670	HGNC:9237
ORPHA:363954	HGNC:15993
ORPHA:364285	HGNC:26158
ORPHA:364390	HGNC:28369
ORPHA:364399	HGNC:23752
ORPHA:364562	HGNC:10542
ORPHA:364602	HGNC:4217
ORPHA:364667	HGNC:11878
ORPHA:364766	HGNC:7493
ORPHA:364789	HGNC:3796
ORPHA:364799	HGNC:3672
ORPHA:364825	HGNC:30071
ORPHA:364829	HGNC:23326
ORPHA:364833	HGNC:28917
ORPHA:364846	HGNC:2678
ORPHA:365084	HGNC:17198
ORPHA:365089	HGNC:4576
ORPHA:365096	HGNC:27302
ORPHA:365105	HGNC:17208
ORPHA:365113	HGNC:18621
ORPHA:365118	HGNC:25151
ORPHA:365126	HGNC:263
ORPHA:365130	HGNC:13723
ORPHA:365133	HGNC:9175
ORPHA:365159	HGNC:17697
ORPHA:365642	HGNC:43726
ORPHA:366774	HGNC:799
ORPHA:366823	HGNC:8619
ORPHA:367084	HGNC:1148
ORPHA:367095	HGNC:1151
ORPHA:367100	HGNC:4492
ORPHA:367104	HGNC:7380
ORPHA:367619	HGNC:1301
ORPHA:367625	HGNC:29937
ORPHA:367631	HGNC:11212
ORPHA:368101	HGNC:26504
ORPHA:368114	HGNC:9865
ORPHA:368150	HGNC:7745
ORPHA:369132	HGNC:16903
ORPHA:369146	HGNC:11896
ORPHA:369255	HGNC:12488
ORPHA:369265	HGNC:11934
ORPHA:369311	HGNC:11255
ORPHA:369336	HGNC:6112
ORPHA:369352	HGNC:3488
ORPHA:369806	HGNC:25636
ORPHA:369810	HGNC:6742
ORPHA:369815	HGNC:33280
ORPHA:370064	HGNC:3432
ORPHA:370330	HGNC:21056
ORPHA:370364	HGNC:1343
ORPHA:370413	HGNC:3214
ORPHA:370418	HGNC:13030
ORPHA:371077	HGNC:15514
ORPHA:371162	HGNC:11023
ORPHA:371170	HGNC:7795
ORPHA:371219	HGNC:30391
ORPHA:371315	HGNC:2535
ORPHA:371321	HGNC:8540
ORPHA:371324	HGNC:18194
ORPHA:371333	HGNC:11433
ORPHA:371358	HGNC:14938
ORPHA:371601	HGNC:21066
ORPHA:371844	HGNC:20611
ORPHA:371931	HGNC:28296
ORPHA:371936	HGNC:13902
ORPHA:371941	HGNC:13681
ORPHA:371950	HGNC:23109
ORPHA:375701	HGNC:11774
ORPHA:376401	HGNC:25751
ORPHA:376411	HGNC:14579
ORPHA:376495	HGNC:29040
ORPHA:376502	HGNC:13601
ORPHA:376535	HGNC:25360
ORPHA:376545	HGNC:6055
ORPHA:376557	HGNC:469
ORPHA:376561	HGNC:16695
ORPHA:376567	HGNC:17110
ORPHA:376571	HGNC:16876
ORPHA:376575	HGNC:13013
ORPHA:376593	HGNC:8615
ORPHA:376599	HGNC:19041
ORPHA:376603	HGNC:10306
ORPHA:376877	HGNC:19082
ORPHA:376888	HGNC:6512
ORPHA:376898	HGNC:6898
ORPHA:376910	HGNC:11101
ORPHA:376917	HGNC:12682
ORPHA:376942	HGNC:15516
ORPHA:376959	HGNC:16133
ORPHA:376965	HGNC:24200
ORPHA:376969	HGNC:3176
ORPHA:376977	HGNC:16905
ORPHA:377025	HGNC:1777
ORPHA:377040	HGNC:9639
ORPHA:377052	HGNC:11326
ORPHA:377069	HGNC:9107
ORPHA:377496	HGNC:28072
ORPHA:377556	HGNC:8997
ORPHA:377602	HGNC:1607
ORPHA:377662	HGNC:6172
ORPHA:377672	HGNC:30611
ORPHA:377682	HGNC:22923
ORPHA:377743	HGNC:17194
ORPHA:377752	HGNC:18803
ORPHA:390741	HGNC:26193
ORPHA:390746	HGNC:28093
ORPHA:390756	HGNC:18683
ORPHA:390766	HGNC:25839
ORPHA:390869	HGNC:2511
ORPHA:390922	HGNC:4238
ORPHA:391022	HGNC:9460
ORPHA:391333	HGNC:5318
ORPHA:391468	HGNC:8754
ORPHA:391627	HGNC:19687
ORPHA:391631	HGNC:9587
ORPHA:391684	HGNC:1455
ORPHA:391804	HGNC:8788
ORPHA:391813	HGNC:22954
ORPHA:391986	HGNC:12930
ORPHA:391994	HGNC:8059
ORPHA:392264	HGNC:26262
ORPHA:392281	HGNC:19297
ORPHA:392290	HGNC:9091
ORPHA:392296	HGNC:16088
ORPHA:392307	HGNC:24526
ORPHA:392330	HGNC:25781
ORPHA:394081	HGNC:29569
ORPHA:394137	HGNC:2355
ORPHA:394580	HGNC:29605
ORPHA:394593	HGNC:753
ORPHA:394596	HGNC:497
ORPHA:394606	HGNC:28403
ORPHA:394615	HGNC:11503
ORPHA:394877	HGNC:7096
ORPHA:394899	HGNC:15625
ORPHA:394916	HGNC:245
ORPHA:394920	HGNC:21237
ORPHA:395056	HGNC:23719
ORPHA:395065	HGNC:6144
ORPHA:395071	HGNC:16262
ORPHA:395106	HGNC:11427
ORPHA:395886	HGNC:282
ORPHA:395930	HGNC:6066
ORPHA:395954	HGNC:9955
ORPHA:395960	HGNC:28449
ORPHA:396032	HGNC:1839
ORPHA:396650	HGNC:40038
ORPHA:396654	HGNC:7687
ORPHA:398201	HGNC:8022
ORPHA:398212	HGNC:6317
ORPHA:398416	HGNC:4704
ORPHA:400438	HGNC:23213
ORPHA:400443	HGNC:30343
ORPHA:400463	HGNC:12406
ORPHA:400605	HGNC:21365
ORPHA:400611	HGNC:15910
ORPHA:400617	HGNC:28844
ORPHA:400623	HGNC:8977
ORPHA:400629	HGNC:6404
ORPHA:400633	HGNC:28209
ORPHA:400638	HGNC:32434
ORPHA:400640	HGNC:4612
ORPHA:400642	HGNC:9446
ORPHA:400687	HGNC:15865
ORPHA:400703	HGNC:6161
ORPHA:400742	HGNC:24539
ORPHA:401078	HGNC:26392
ORPHA:401123	HGNC:29326
ORPHA:401132	HGNC:3677
ORPHA:401212	HGNC:12632
ORPHA:401370	HGNC:1583
ORPHA:401564	HGNC:25608
ORPHA:401597	HGNC:11538
ORPHA:401603	HGNC:20997
ORPHA:401757	HGNC:29932
ORPHA:401771	HGNC:5960
ORPHA:401879	HGNC:11536
ORPHA:401908	HGNC:12029
ORPHA:401930	HGNC:15974
ORPHA:402368	HGNC:33862
ORPHA:402371	HGNC:3420
ORPHA:402379	HGNC:6005
ORPHA:402549	HGNC:18666
ORPHA:402562	HGNC:7976
ORPHA:402570	HGNC:18873
ORPHA:402648	HGNC:18971
ORPHA:402736	HGNC:10526
ORPHA:402744	HGNC:9655
ORPHA:403061	HGNC:3334
ORPHA:403096	HGNC:17349
ORPHA:403187	HGNC:37475
ORPHA:403281	HGNC:26922
ORPHA:403288	HGNC:1530
ORPHA:403297	HGNC:7975
ORPHA:403310	HGNC:697
ORPHA:403322	HGNC:16947
ORPHA:403334	HGNC:12631
ORPHA:403350	HGNC:30914
ORPHA:403364	HGNC:3363
ORPHA:403370	HGNC:32521
ORPHA:403377	HGNC:25712
ORPHA:403385	HGNC:3760
ORPHA:403392	HGNC:17277
ORPHA:403398	HGNC:17975
ORPHA:403591	HGNC:18576
ORPHA:403662	HGNC:8011
ORPHA:403669	HGNC:237
ORPHA:403672	HGNC:2188
ORPHA:403958	HGNC:20340
ORPHA:404076	HGNC:16429
ORPHA:404128	HGNC:5270
ORPHA:404135	HGNC:9380
ORPHA:404138	HGNC:4685
ORPHA:404144	HGNC:1377
ORPHA:404154	HGNC:21839
ORPHA:404167	HGNC:24891
ORPHA:404743	HGNC:14135
ORPHA:404762	HGNC:232
ORPHA:404768	HGNC:18626
ORPHA:404774	HGNC:29679
ORPHA:404789	HGNC:18270
ORPHA:404800	HGNC:35
ORPHA:404809	HGNC:17966
ORPHA:405057	HGNC:2296
ORPHA:405470	HGNC:26988
ORPHA:405637	HGNC:14304
ORPHA:406000	HGNC:11191
ORPHA:406010	HGNC:15766
ORPHA:406016	HGNC:2978
ORPHA:406382	HGNC:10461
ORPHA:406394	HGNC:11007
ORPHA:406487	HGNC:29043
ORPHA:406595	HGNC:11438
ORPHA:406611	HGNC:4556
ORPHA:406620	HGNC:13517
ORPHA:406645	HGNC:7001
ORPHA:406692	HGNC:23150
ORPHA:406759	HGNC:10419
ORPHA:406765	HGNC:15559
ORPHA:406879	HGNC:9751
ORPHA:406882	HGNC:25566
ORPHA:406885	HGNC:17646
ORPHA:406889	HGNC:13187
ORPHA:406901	HGNC:17768
ORPHA:406905	HGNC:28991
ORPHA:406910	HGNC:25726
ORPHA:407507	HGNC:2375
ORPHA:407527	HGNC:7597
ORPHA:408636	HGNC:14468
ORPHA:408642	HGNC:26348
ORPHA:408654	HGNC:2940
ORPHA:408692	HGNC:16643
ORPHA:409811	HGNC:18732
ORPHA:409839	HGNC:2395
ORPHA:409843	HGNC:7784
ORPHA:409859	HGNC:7136
ORPHA:409866	HGNC:10381
ORPHA:409871	HGNC:14959
ORPHA:409876	HGNC:14334
ORPHA:410340	HGNC:854
ORPHA:410502	HGNC:30836
ORPHA:410515	HGNC:5037
ORPHA:410532	HGNC:13872
ORPHA:410540	HGNC:11486
ORPHA:410615	HGNC:12313
ORPHA:410622	HGNC:28909
ORPHA:410627	HGNC:23336
ORPHA:410642	HGNC:29529
ORPHA:410675	HGNC:16901
ORPHA:410685	HGNC:13503
ORPHA:410692	HGNC:6481
ORPHA:410701	HGNC:24529
ORPHA:410706	HGNC:29316
ORPHA:410726	HGNC:16510
ORPHA:410737	HGNC:9670
ORPHA:410849	HGNC:22788
ORPHA:410859	HGNC:14082
ORPHA:411117	HGNC:28303
ORPHA:411370	HGNC:9872
ORPHA:411411	HGNC:11153
ORPHA:411802	HGNC:3683
ORPHA:412551	HGNC:10768
ORPHA:412573	HGNC:10540
ORPHA:412643	HGNC:452
ORPHA:412653	HGNC:25186
ORPHA:412839	HGNC:18420
ORPHA:412855	HGNC:25455
ORPHA:412866	HGNC:10418
ORPHA:413011	HGNC:1512
ORPHA:158065	HGNC:25538
ORPHA:158072	HGNC:9279
ORPHA:158077	HGNC:12266
ORPHA:158087	HGNC:16268
ORPHA:158372	HGNC:1001
ORPHA:158379	HGNC:1037
ORPHA:158382	HGNC:10397
ORPHA:158384	HGNC:10561
ORPHA:158386	HGNC:1068
ORPHA:158388	HGNC:10729
ORPHA:158394	HGNC:10736
ORPHA:158398	HGNC:10882
ORPHA:158401	HGNC:10907
ORPHA:158407	HGNC:10989
ORPHA:158410	HGNC:11005
ORPHA:158412	HGNC:11051
ORPHA:158415	HGNC:11079
ORPHA:158446	HGNC:11336
ORPHA:158461	HGNC:11449
ORPHA:158581	HGNC:11571
ORPHA:158583	HGNC:11621
ORPHA:158588	HGNC:11630
ORPHA:158595	HGNC:11634
ORPHA:159040	HGNC:11765
ORPHA:159042	HGNC:11875
ORPHA:159048	HGNC:11926
ORPHA:159055	HGNC:11943
ORPHA:159059	HGNC:11960
ORPHA:159075	HGNC:12440
ORPHA:159080	HGNC:12472
ORPHA:159084	HGNC:12520
ORPHA:159087	HGNC:12665
ORPHA:159118	HGNC:13107
ORPHA:159122	HGNC:32781
ORPHA:159134	HGNC:14262
ORPHA:159137	HGNC:14378
ORPHA:159158	HGNC:14575
ORPHA:159161	HGNC:14665
ORPHA:159166	HGNC:15520
ORPHA:159172	HGNC:15889
ORPHA:159178	HGNC:16035
ORPHA:159181	HGNC:16068
ORPHA:159192	HGNC:164
ORPHA:159197	HGNC:1673
ORPHA:159200	HGNC:1674
ORPHA:159207	HGNC:16873
ORPHA:159213	HGNC:17009
ORPHA:159219	HGNC:17089
ORPHA:159233	HGNC:17175
ORPHA:159242	HGNC:17412
ORPHA:159255	HGNC:17652
ORPHA:159272	HGNC:9944
ORPHA:159298	HGNC:17994
ORPHA:159303	HGNC:18021
ORPHA:159308	HGNC:18111
ORPHA:159313	HGNC:18475
ORPHA:159322	HGNC:18481
ORPHA:159333	HGNC:18483
ORPHA:159339	HGNC:18810
ORPHA:159341	HGNC:19141
ORPHA:159345	HGNC:1956
ORPHA:159360	HGNC:19698
ORPHA:159362	HGNC:1975
ORPHA:159367	HGNC:20249
ORPHA:159370	HGNC:2026
ORPHA:159373	HGNC:20439
ORPHA:159387	HGNC:20474
ORPHA:159390	HGNC:20761
ORPHA:159394	HGNC:20766
ORPHA:159403	HGNC:20859
ORPHA:159414	HGNC:21253
ORPHA:159421	HGNC:21307
ORPHA:159426	HGNC:21406
ORPHA:159434	HGNC:2151
ORPHA:159443	HGNC:21653
ORPHA:159449	HGNC:21863
ORPHA:159456	HGNC:22962
ORPHA:159463	HGNC:23216
ORPHA:159472	HGNC:23663
ORPHA:159476	HGNC:2439
ORPHA:159484	HGNC:2516
ORPHA:159489	HGNC:2529
ORPHA:159494	HGNC:2568
ORPHA:159501	HGNC:25737
ORPHA:159507	HGNC:2799
ORPHA:159514	HGNC:28434
ORPHA:159517	HGNC:28472
ORPHA:159521	HGNC:28486
ORPHA:159526	HGNC:2861
ORPHA:159528	HGNC:29
ORPHA:159533	HGNC:2907
ORPHA:159539	HGNC:29253
ORPHA:159547	HGNC:30791
ORPHA:159550	HGNC:3148
ORPHA:159556	HGNC:3247
ORPHA:159562	HGNC:32940
ORPHA:159566	HGNC:3381
ORPHA:159574	HGNC:3620
ORPHA:159580	HGNC:3681
ORPHA:159586	HGNC:3703
ORPHA:159590	HGNC:3777
ORPHA:159592	HGNC:3778
ORPHA:159600	HGNC:3814
ORPHA:159608	HGNC:3976
ORPHA:159615	HGNC:4010
ORPHA:159621	HGNC:4083
ORPHA:159623	HGNC:4198
ORPHA:159628	HGNC:4419
ORPHA:159633	HGNC:451
ORPHA:159700	HGNC:483
ORPHA:159703	HGNC:4908
ORPHA:159705	HGNC:4977
ORPHA:159708	HGNC:5017
ORPHA:159716	HGNC:5103
ORPHA:159723	HGNC:5326
ORPHA:159729	HGNC:5466
ORPHA:159734	HGNC:6024
ORPHA:159737	HGNC:6235
ORPHA:159740	HGNC:6259
ORPHA:159744	HGNC:6560
ORPHA:159747	HGNC:6694
ORPHA:159752	HGNC:6698
ORPHA:159756	HGNC:6819
ORPHA:159769	HGNC:738
ORPHA:159773	HGNC:7415
ORPHA:159785	HGNC:7553
ORPHA:159788	HGNC:7797
ORPHA:159793	HGNC:7910
ORPHA:159810	HGNC:8931
ORPHA:159813	HGNC:9046
ORPHA:159821	HGNC:9454
ORPHA:159889	HGNC:88
ORPHA:159893	HGNC:132
ORPHA:159895	HGNC:177
ORPHA:159897	HGNC:1160
ORPHA:159904	HGNC:6180
ORPHA:159910	HGNC:6871
ORPHA:159912	HGNC:19129
ORPHA:159915	HGNC:32780
ORPHA:159918	HGNC:174
ORPHA:159921	HGNC:338
ORPHA:159924	HGNC:2902
ORPHA:159931	HGNC:5996
ORPHA:159936	HGNC:8148
ORPHA:159942	HGNC:8592
ORPHA:159945	HGNC:30242
ORPHA:159950	HGNC:11742
ORPHA:159955	HGNC:29594
ORPHA:159976	HGNC:6610
ORPHA:159980	HGNC:6619
ORPHA:159982	HGNC:5468
ORPHA:159984	HGNC:9153
ORPHA:160001	HGNC:3101
ORPHA:160003	HGNC:26820
ORPHA:160006	HGNC:18662
ORPHA:160008	HGNC:379
ORPHA:160018	HGNC:10592
ORPHA:160020	HGNC:427
ORPHA:160048	HGNC:11391
ORPHA:160053	HGNC:610
ORPHA:160055	HGNC:1040
ORPHA:160064	HGNC:1318
ORPHA:160067	HGNC:1323
ORPHA:160082	HGNC:1324
ORPHA:160093	HGNC:1331
ORPHA:160107	HGNC:1339
ORPHA:160112	HGNC:1346
ORPHA:160117	HGNC:1352
ORPHA:160119	HGNC:1353
ORPHA:160121	HGNC:1354
ORPHA:160126	HGNC:1358
ORPHA:160128	HGNC:20202
ORPHA:160142	HGNC:2336
ORPHA:160236	HGNC:3431
ORPHA:160240	HGNC:13281
ORPHA:160244	HGNC:3473
ORPHA:160253	HGNC:3498
ORPHA:160257	HGNC:4315
ORPHA:160265	HGNC:6008
ORPHA:160278	HGNC:29262
ORPHA:160283	HGNC:4706
ORPHA:160288	HGNC:26401
ORPHA:160296	HGNC:19309
ORPHA:160307	HGNC:7501
ORPHA:160311	HGNC:7525
ORPHA:160313	HGNC:7601
ORPHA:160320	HGNC:8790
ORPHA:160322	HGNC:8996
ORPHA:160327	HGNC:21043
ORPHA:160331	HGNC:9080
ORPHA:160333	HGNC:30260
ORPHA:160337	HGNC:9359
ORPHA:165577	HGNC:15977
ORPHA:165845	HGNC:2452
ORPHA:165848	HGNC:28510
ORPHA:165856	HGNC:29796
ORPHA:165904	HGNC:2500
ORPHA:165921	HGNC:10606
ORPHA:165923	HGNC:1665
ORPHA:165929	HGNC:30228
ORPHA:165932	HGNC:13830
ORPHA:165966	HGNC:1962
ORPHA:165976	HGNC:1497
ORPHA:166055	HGNC:14561
ORPHA:166255	HGNC:6283
ORPHA:166683	HGNC:11444
ORPHA:166690	HGNC:21034
ORPHA:166715	HGNC:13780
ORPHA:166720	HGNC:6143
ORPHA:166722	HGNC:24212
ORPHA:166726	HGNC:12582
ORPHA:166731	HGNC:12372
ORPHA:166766	HGNC:7487
ORPHA:166795	HGNC:17989
ORPHA:166800	HGNC:16378
ORPHA:166803	HGNC:7595
ORPHA:166807	HGNC:29502
ORPHA:166809	HGNC:2418
ORPHA:166812	HGNC:2035
ORPHA:166815	HGNC:144
ORPHA:166892	HGNC:4214
ORPHA:167742	HGNC:28845
ORPHA:167854	HGNC:3811
ORPHA:167870	HGNC:4452
ORPHA:167875	HGNC:11849
ORPHA:167879	HGNC:8889
ORPHA:167883	HGNC:2699
ORPHA:167886	HGNC:8846
ORPHA:167889	HGNC:29105
ORPHA:167892	HGNC:2280
ORPHA:167897	HGNC:11431
ORPHA:167901	HGNC:7497
ORPHA:167905	HGNC:7498
ORPHA:167909	HGNC:7481
ORPHA:168069	HGNC:30528
ORPHA:168073	HGNC:4601
ORPHA:168077	HGNC:5154
ORPHA:168079	HGNC:20800
ORPHA:168083	HGNC:4341
ORPHA:168086	HGNC:6224
ORPHA:168091	HGNC:6932
ORPHA:168093	HGNC:29882
ORPHA:168099	HGNC:6469
ORPHA:168101	HGNC:17296
ORPHA:168122	HGNC:10922
ORPHA:168155	HGNC:11854
ORPHA:168165	HGNC:3122
ORPHA:168172	HGNC:21285
ORPHA:168179	HGNC:32698
ORPHA:168268	HGNC:27561
ORPHA:168272	HGNC:29160
ORPHA:168309	HGNC:29450
ORPHA:168312	HGNC:7983
ORPHA:168319	HGNC:6199
ORPHA:168322	HGNC:685
ORPHA:168335	HGNC:13156
ORPHA:168339	HGNC:14270
ORPHA:168342	HGNC:10387
ORPHA:168345	HGNC:6081
ORPHA:168347	HGNC:11764
ORPHA:168351	HGNC:9912
ORPHA:168360	HGNC:6685
ORPHA:168362	HGNC:2934
ORPHA:168409	HGNC:8800
ORPHA:168413	HGNC:13825
ORPHA:168420	HGNC:8064
ORPHA:168426	HGNC:2768
ORPHA:169395	HGNC:15899
ORPHA:169399	HGNC:28625
ORPHA:169402	HGNC:25033
ORPHA:169405	HGNC:15506
ORPHA:169410	HGNC:28422
ORPHA:169415	HGNC:26050
ORPHA:169896	HGNC:20151
ORPHA:169900	HGNC:20134
ORPHA:169905	HGNC:11594
ORPHA:169908	HGNC:18744
ORPHA:169910	HGNC:8773
ORPHA:169936	HGNC:21555
ORPHA:169944	HGNC:13345
ORPHA:169953	HGNC:25676
ORPHA:169957	HGNC:17019
ORPHA:169960	HGNC:16001
ORPHA:171034	HGNC:24861
ORPHA:171038	HGNC:25784
ORPHA:171045	HGNC:13446
ORPHA:171050	HGNC:10440
ORPHA:171052	HGNC:10360
ORPHA:171055	HGNC:10301
ORPHA:171057	HGNC:10345
ORPHA:171059	HGNC:25221
ORPHA:171064	HGNC:1527
ORPHA:171068	HGNC:20188
ORPHA:171073	HGNC:1232
ORPHA:171081	HGNC:18083
ORPHA:171089	HGNC:7603
ORPHA:171634	HGNC:7135
ORPHA:171640	HGNC:11633
ORPHA:171647	HGNC:8632
ORPHA:171649	HGNC:10879
ORPHA:171659	HGNC:1539
ORPHA:171663	HGNC:1535
ORPHA:172996	HGNC:17125
ORPHA:173057	HGNC:23096
ORPHA:173149	HGNC:3686
ORPHA:173154	HGNC:12367
ORPHA:173184	HGNC:1983
ORPHA:173203	HGNC:4795
ORPHA:173206	HGNC:5208
ORPHA:173211	HGNC:12382
ORPHA:173216	HGNC:6903
ORPHA:173222	HGNC:9490
ORPHA:173226	HGNC:25843
ORPHA:173230	HGNC:317
ORPHA:173240	HGNC:19986
ORPHA:173500	HGNC:18762
ORPHA:173505	HGNC:30927
ORPHA:173509	HGNC:26441
ORPHA:173515	HGNC:26837
ORPHA:173523	HGNC:362
ORPHA:173526	HGNC:9848
ORPHA:173530	HGNC:2731
ORPHA:173556	HGNC:6545
ORPHA:173562	HGNC:23038
ORPHA:176228	HGNC:5385
ORPHA:178077	HGNC:21057
ORPHA:178082	HGNC:21558
ORPHA:178120	HGNC:559
ORPHA:178127	HGNC:21197
ORPHA:178791	HGNC:19706
ORPHA:178795	HGNC:105
ORPHA:178801	HGNC:11247
ORPHA:178806	HGNC:23151
ORPHA:178814	HGNC:11521
ORPHA:178819	HGNC:11528
ORPHA:178822	HGNC:20856
ORPHA:178826	HGNC:20423
ORPHA:179401	HGNC:25419
ORPHA:179408	HGNC:23319
ORPHA:179413	HGNC:11344
ORPHA:179419	HGNC:6344
ORPHA:179459	HGNC:1069
ORPHA:179462	HGNC:2252
ORPHA:180211	HGNC:10468
ORPHA:180213	HGNC:16706
ORPHA:180215	HGNC:95
ORPHA:180232	HGNC:30161
ORPHA:180240	HGNC:33472
ORPHA:180245	HGNC:33485
ORPHA:180270	HGNC:22993
ORPHA:180273	HGNC:19714
ORPHA:180294	HGNC:13730
ORPHA:180301	HGNC:21340
ORPHA:180307	HGNC:25855
ORPHA:180316	HGNC:26071
ORPHA:180318	HGNC:32314
ORPHA:180322	HGNC:14260
ORPHA:180324	HGNC:32944
ORPHA:181111	HGNC:13586
ORPHA:181116	HGNC:3372
ORPHA:181119	HGNC:30972
ORPHA:181121	HGNC:29935
ORPHA:181124	HGNC:10872
ORPHA:181135	HGNC:6441
ORPHA:181140	HGNC:6415
ORPHA:181982	HGNC:16732
ORPHA:182553	HGNC:1943
ORPHA:183879	HGNC:12765
ORPHA:183883	HGNC:24862
ORPHA:183886	HGNC:21666
ORPHA:183890	HGNC:1836
ORPHA:183893	HGNC:11559
ORPHA:183895	HGNC:14631
ORPHA:183907	HGNC:20371
ORPHA:183913	HGNC:3374
ORPHA:183924	HGNC:7491
ORPHA:183928	HGNC:8063
ORPHA:183933	HGNC:12775
ORPHA:183938	HGNC:2962
ORPHA:188809	HGNC:11497
ORPHA:188814	HGNC:601
ORPHA:189127	HGNC:6716
ORPHA:189131	HGNC:6912
ORPHA:189135	HGNC:15455
ORPHA:189174	HGNC:5133
ORPHA:189325	HGNC:22082
ORPHA:189330	HGNC:449
ORPHA:189333	HGNC:31648
ORPHA:189338	HGNC:6774
ORPHA:189344	HGNC:6256
ORPHA:189348	HGNC:6715
ORPHA:199890	HGNC:4077
ORPHA:199894	HGNC:1754
ORPHA:199900	HGNC:23204
ORPHA:200717	HGNC:26054
ORPHA:200951	HGNC:358
ORPHA:200995	HGNC:1785
ORPHA:201085	HGNC:8618
ORPHA:201089	HGNC:3229
ORPHA:201091	HGNC:8008
ORPHA:201093	HGNC:952
ORPHA:201095	HGNC:4679
ORPHA:201101	HGNC:21071
ORPHA:201108	HGNC:24945
ORPHA:201112	HGNC:392
ORPHA:201114	HGNC:7562
ORPHA:201152	HGNC:591
ORPHA:201163	HGNC:5477
ORPHA:201171	HGNC:3823
ORPHA:201252	HGNC:4267
ORPHA:201277	HGNC:9075
ORPHA:201284	HGNC:1675
ORPHA:201291	HGNC:1540
ORPHA:201295	HGNC:25896
ORPHA:201300	HGNC:11386
ORPHA:201488	HGNC:16232
ORPHA:201494	HGNC:939
ORPHA:201496	HGNC:21219
ORPHA:201502	HGNC:9004
ORPHA:201507	HGNC:33867
ORPHA:201509	HGNC:6343
ORPHA:201516	HGNC:216
ORPHA:201522	HGNC:5456
ORPHA:201526	HGNC:25302
ORPHA:201531	HGNC:29918
ORPHA:201538	HGNC:30829
ORPHA:201543	HGNC:29092
ORPHA:201546	HGNC:15646
ORPHA:201551	HGNC:4454
ORPHA:201553	HGNC:16912
ORPHA:201560	HGNC:21686
ORPHA:201567	HGNC:24316
ORPHA:201570	HGNC:15925
ORPHA:201587	HGNC:3687
ORPHA:201589	HGNC:4893
ORPHA:201595	HGNC:9721
ORPHA:201770	HGNC:783
ORPHA:204411	HGNC:9802
ORPHA:204415	HGNC:7662
ORPHA:204452	HGNC:13815
ORPHA:205584	HGNC:7939
ORPHA:205590	HGNC:4580
ORPHA:205594	HGNC:14377
ORPHA:205928	HGNC:23041
ORPHA:205932	HGNC:10702
ORPHA:205934	HGNC:7494
ORPHA:206724	HGNC:18791
ORPHA:208329	HGNC:10998
ORPHA:208333	HGNC:8787
ORPHA:208342	HGNC:7176
ORPHA:208345	HGNC:12718
ORPHA:208347	HGNC:21474
ORPHA:209271	HGNC:17084
ORPHA:209279	HGNC:26034
ORPHA:209285	HGNC:17098
ORPHA:209301	HGNC:17993
ORPHA:209314	HGNC:30892
ORPHA:209325	HGNC:23720
ORPHA:209329	HGNC:18856
ORPHA:209470	HGNC:9461
ORPHA:209474	HGNC:3386
ORPHA:209477	HGNC:2435
ORPHA:209481	HGNC:4221
ORPHA:209484	HGNC:13387
ORPHA:211008	HGNC:4944
ORPHA:212594	HGNC:8820
ORPHA:212604	HGNC:315
ORPHA:212610	HGNC:17204
ORPHA:212612	HGNC:20684
ORPHA:212618	HGNC:33445
ORPHA:212878	HGNC:2171
ORPHA:212882	HGNC:2651
ORPHA:212885	HGNC:13875
ORPHA:212892	HGNC:10941
ORPHA:212898	HGNC:29017
ORPHA:212902	HGNC:6000
ORPHA:212909	HGNC:3809
ORPHA:212917	HGNC:26444
ORPHA:212921	HGNC:574
ORPHA:212927	HGNC:24678
ORPHA:213048	HGNC:9438
ORPHA:217124	HGNC:9255
ORPHA:218033	HGNC:25964
ORPHA:218036	HGNC:19721
ORPHA:218040	HGNC:27424
ORPHA:218045	HGNC:30539
ORPHA:218049	HGNC:30832
ORPHA:218358	HGNC:11167
ORPHA:218376	HGNC:4931
ORPHA:218672	HGNC:28956
ORPHA:218675	HGNC:20665
ORPHA:220737	HGNC:18969
ORPHA:220744	HGNC:29426
ORPHA:220877	HGNC:15454
ORPHA:220905	HGNC:5181
ORPHA:220909	HGNC:23399
ORPHA:220916	HGNC:18750
ORPHA:220919	HGNC:3791
ORPHA:220922	HGNC:19191
ORPHA:220928	HGNC:3037
ORPHA:221162	HGNC:1241
ORPHA:221166	HGNC:1242
ORPHA:221168	HGNC:1245
ORPHA:221171	HGNC:1247
ORPHA:221173	HGNC:1689
ORPHA:221180	HGNC:1698
ORPHA:221184	HGNC:1706
ORPHA:221187	HGNC:2771
ORPHA:221192	HGNC:5526
ORPHA:221339	HGNC:6638
ORPHA:221342	HGNC:25018
ORPHA:221346	HGNC:7989
ORPHA:221348	HGNC:30859
ORPHA:221356	HGNC:26521
ORPHA:223447	HGNC:9052
ORPHA:223546	HGNC:28018
ORPHA:225243	HGNC:25792
ORPHA:225264	HGNC:6717
ORPHA:225280	HGNC:7146
ORPHA:225286	HGNC:16391
ORPHA:225288	HGNC:14558
ORPHA:225293	HGNC:26790
ORPHA:225306	HGNC:29557
ORPHA:225329	HGNC:31673
ORPHA:225332	HGNC:16499
ORPHA:225334	HGNC:10383
ORPHA:225337	HGNC:10414
ORPHA:225339	HGNC:21641
ORPHA:225343	HGNC:29242
ORPHA:225351	HGNC:11100
ORPHA:225368	HGNC:20406
ORPHA:225372	HGNC:12305
ORPHA:225380	HGNC:23791
ORPHA:225386	HGNC:2867
ORPHA:225404	HGNC:14388
ORPHA:226013	HGNC:20772
ORPHA:226016	HGNC:8794
ORPHA:226018	HGNC:11529
ORPHA:226044	HGNC:11506
ORPHA:226047	HGNC:2020
ORPHA:226051	HGNC:24650
ORPHA:226058	HGNC:24464
ORPHA:226144	HGNC:1677
ORPHA:227053	HGNC:16187
ORPHA:227058	HGNC:20105
ORPHA:227063	HGNC:9607
ORPHA:227071	HGNC:26894
ORPHA:227077	HGNC:7549
ORPHA:227079	HGNC:26038
ORPHA:227083	HGNC:28052
ORPHA:227086	HGNC:9688
ORPHA:227089	HGNC:20347
ORPHA:227095	HGNC:1546
ORPHA:227102	HGNC:11445
ORPHA:227384	HGNC:1057
ORPHA:227387	HGNC:5248
ORPHA:227390	HGNC:11019
ORPHA:227397	HGNC:9679
ORPHA:227401	HGNC:12565
ORPHA:229784	HGNC:9820
ORPHA:229787	HGNC:9154
ORPHA:229791	HGNC:28929
ORPHA:229796	HGNC:15718
ORPHA:231387	HGNC:12784
ORPHA:231397	HGNC:15573
ORPHA:231422	HGNC:3815
ORPHA:231494	HGNC:17755
ORPHA:231527	HGNC:8957
ORPHA:231605	HGNC:2671
ORPHA:232171	HGNC:25382
ORPHA:232182	HGNC:3010
ORPHA:232194	HGNC:20
ORPHA:232223	HGNC:951
ORPHA:232228	HGNC:18188
ORPHA:232232	HGNC:6996
ORPHA:232245	HGNC:13890
ORPHA:232248	HGNC:29059
ORPHA:233016	HGNC:34383
ORPHA:233019	HGNC:8950
ORPHA:233025	HGNC:9896
ORPHA:233032	HGNC:6696
ORPHA:233035	HGNC:18169
ORPHA:233060	HGNC:12692
ORPHA:233062	HGNC:329
ORPHA:233066	HGNC:7372
ORPHA:233165	HGNC:1833
ORPHA:233184	HGNC:4831
ORPHA:233186	HGNC:4832
ORPHA:235181	HGNC:6266
ORPHA:235187	HGNC:11273
ORPHA:235189	HGNC:18374
ORPHA:413026	HGNC:16192
ORPHA:413615	HGNC:17341
ORPHA:413847	HGNC:4933
ORPHA:413863	HGNC:28852
ORPHA:413970	HGNC:4845
ORPHA:413976	HGNC:23089
ORPHA:413979	HGNC:6231
ORPHA:414069	HGNC:6649
ORPHA:414565	HGNC:34399
ORPHA:414701	HGNC:7680
ORPHA:414935	HGNC:10405
ORPHA:415155	HGNC:19190
ORPHA:415196	HGNC:17035
ORPHA:418205	HGNC:9701
ORPHA:418210	HGNC:14977
ORPHA:418214	HGNC:26877
ORPHA:419081	HGNC:1856
ORPHA:419132	HGNC:30551
ORPHA:419164	HGNC:18539
ORPHA:419174	HGNC:20324
ORPHA:419331	HGNC:25403
ORPHA:419348	HGNC:5950
ORPHA:419358	HGNC:25070
ORPHA:419381	HGNC:6858
ORPHA:420151	HGNC:25928
ORPHA:420169	HGNC:14074
ORPHA:420409	HGNC:14963
ORPHA:420468	HGNC:29673
ORPHA:420818	HGNC:9479
ORPHA:422208	HGNC:3250
ORPHA:422255	HGNC:18688
ORPHA:422270	HGNC:1445
ORPHA:422336	HGNC:11397
ORPHA:422342	HGNC:15761
ORPHA:422348	HGNC:9407
ORPHA:422397	HGNC:18025
ORPHA:422551	HGNC:18603
ORPHA:422901	HGNC:19102
ORPHA:422916	HGNC:26690
ORPHA:422966	HGNC:757
ORPHA:422989	HGNC:14677
ORPHA:422996	HGNC:16999
ORPHA:423011	HGNC:9390
ORPHA:423013	HGNC:25230
ORPHA:423086	HGNC:30578
ORPHA:423450	HGNC:31399
ORPHA:426000	HGNC:8548
ORPHA:426017	HGNC:10706
ORPHA:426034	HGNC:3084
ORPHA:426049	HGNC:11132
ORPHA:426073	HGNC:11142
ORPHA:426083	HGNC:5144
ORPHA:426086	HGNC:16691
ORPHA:426145	HGNC:23694
ORPHA:426564	HGNC:3151
ORPHA:426568	HGNC:7872
ORPHA:426776	HGNC:8609
ORPHA:426792	HGNC:20372
ORPHA:426934	HGNC:2972
ORPHA:426937	HGNC:4204
ORPHA:430986	HGNC:12974
ORPHA:431087	HGNC:17101
ORPHA:431093	HGNC:23438
ORPHA:431097	HGNC:23445
ORPHA:431102	HGNC:24042
ORPHA:431136	HGNC:10725
ORPHA:431145	HGNC:10726
ORPHA:431220	HGNC:3942
ORPHA:431237	HGNC:6132
ORPHA:431495	HGNC:6250
ORPHA:431562	HGNC:24036
ORPHA:431588	HGNC:9879
ORPHA:431591	HGNC:2519
ORPHA:431604	HGNC:26926
ORPHA:431609	HGNC:6027
ORPHA:431615	HGNC:14253
ORPHA:431623	HGNC:29300
ORPHA:431657	HGNC:12827
ORPHA:431878	HGNC:11733
ORPHA:431886	HGNC:11042
ORPHA:431917	HGNC:13406
ORPHA:431928	HGNC:18358
ORPHA:431999	HGNC:8778
ORPHA:432003	HGNC:21308
ORPHA:432014	HGNC:29456
ORPHA:432037	HGNC:26661
ORPHA:432047	HGNC:21642
ORPHA:432060	HGNC:30740
ORPHA:432144	HGNC:16031
ORPHA:432157	HGNC:25009
ORPHA:434205	HGNC:11918
ORPHA:434216	HGNC:26404
ORPHA:434225	HGNC:24564
ORPHA:434227	HGNC:3330
ORPHA:434238	HGNC:11363
ORPHA:434292	HGNC:19012
ORPHA:434377	HGNC:18141
ORPHA:434391	HGNC:26114
ORPHA:434401	HGNC:11188
ORPHA:434424	HGNC:4040
ORPHA:434440	HGNC:18667
ORPHA:434516	HGNC:8983
ORPHA:434553	HGNC:28769
ORPHA:434612	HGNC:24990
ORPHA:434703	HGNC:15517
ORPHA:434708	HGNC:11219
ORPHA:434716	HGNC:30064
ORPHA:435518	HGNC:25897
ORPHA:435581	HGNC:21054
ORPHA:435761	HGNC:18466
ORPHA:435787	HGNC:19960
ORPHA:436811	HGNC:14628
ORPHA:436818	HGNC:4861
ORPHA:436832	HGNC:8124
ORPHA:436836	HGNC:791
ORPHA:436845	HGNC:2509
ORPHA:436858	HGNC:25640
ORPHA:436871	HGNC:6708
ORPHA:436878	HGNC:25198
ORPHA:436880	HGNC:24035
ORPHA:437180	HGNC:1449
ORPHA:437465	HGNC:4798
ORPHA:437664	HGNC:9826
ORPHA:437674	HGNC:9277
ORPHA:437689	HGNC:10964
ORPHA:437793	HGNC:21390
ORPHA:437867	HGNC:23987
ORPHA:438054	HGNC:7794
ORPHA:438066	HGNC:27962
ORPHA:438089	HGNC:9968
ORPHA:438271	HGNC:2910
ORPHA:438982	HGNC:9394
ORPHA:440122	HGNC:6758
ORPHA:440240	HGNC:16053
ORPHA:440324	HGNC:12003
ORPHA:441210	HGNC:17068
ORPHA:441279	HGNC:2149
ORPHA:441425	HGNC:22986
ORPHA:442634	HGNC:19963
ORPHA:442672	HGNC:8729
ORPHA:442934	HGNC:4166
ORPHA:442943	HGNC:6293
ORPHA:442980	HGNC:29914
ORPHA:443014	HGNC:3619
ORPHA:443021	HGNC:9870
ORPHA:444087	HGNC:24229
ORPHA:444104	HGNC:6621
ORPHA:444112	HGNC:6233
ORPHA:444179	HGNC:6267
ORPHA:444522	HGNC:17861
ORPHA:444563	HGNC:9141
ORPHA:444568	HGNC:7529
ORPHA:444574	HGNC:3631
ORPHA:444663	HGNC:21701
ORPHA:444671	HGNC:2277
ORPHA:444676	HGNC:20492
ORPHA:444681	HGNC:11510
ORPHA:444684	HGNC:17964
ORPHA:444714	HGNC:19661
ORPHA:444717	HGNC:26513
ORPHA:444729	HGNC:29685
ORPHA:444736	HGNC:16412
ORPHA:444761	HGNC:16966
ORPHA:444781	HGNC:19181
ORPHA:444785	HGNC:25088
ORPHA:444788	HGNC:25356
ORPHA:444810	HGNC:6546
ORPHA:444921	HGNC:10297
ORPHA:444924	HGNC:1492
ORPHA:444948	HGNC:13818
ORPHA:445103	HGNC:29101
ORPHA:445129	HGNC:17513
ORPHA:445555	HGNC:14357
ORPHA:445573	HGNC:19016
ORPHA:445669	HGNC:7180
ORPHA:446524	HGNC:6220
ORPHA:446538	HGNC:3192
ORPHA:446713	HGNC:4192
ORPHA:446811	HGNC:8907
ORPHA:446842	HGNC:9382
ORPHA:446846	HGNC:26222
ORPHA:447183	HGNC:815
ORPHA:447926	HGNC:2190
ORPHA:448317	HGNC:15819
ORPHA:448342	HGNC:6891
ORPHA:448353	HGNC:20778
ORPHA:448453	HGNC:5028
ORPHA:448465	HGNC:19182
ORPHA:448482	HGNC:6692
ORPHA:448527	HGNC:11917
ORPHA:448537	HGNC:1653
ORPHA:448610	HGNC:3179
ORPHA:448614	HGNC:14880
ORPHA:448624	HGNC:6217
ORPHA:448630	HGNC:21484
ORPHA:448640	HGNC:1857
ORPHA:448647	HGNC:11551
ORPHA:448667	HGNC:17869
ORPHA:448689	HGNC:2230
ORPHA:448705	HGNC:18540
ORPHA:448710	HGNC:1515
ORPHA:448714	HGNC:12016
ORPHA:448718	HGNC:26274
ORPHA:448725	HGNC:12691
ORPHA:448829	HGNC:18130
ORPHA:448847	HGNC:30839
ORPHA:448855	HGNC:30764
ORPHA:448865	HGNC:24866
ORPHA:448873	HGNC:29068
ORPHA:448950	HGNC:9855
ORPHA:449063	HGNC:1602
ORPHA:449077	HGNC:6377
ORPHA:449090	HGNC:49094
ORPHA:449094	HGNC:18173
ORPHA:449270	HGNC:30664
ORPHA:449638	HGNC:9966
ORPHA:449642	HGNC:28213
ORPHA:449814	HGNC:11048
ORPHA:449858	HGNC:29919
ORPHA:449868	HGNC:13575
ORPHA:449961	HGNC:19701
ORPHA:449981	HGNC:9439
ORPHA:450291	HGNC:20716
ORPHA:451445	HGNC:19246
ORPHA:451459	HGNC:17493
ORPHA:451578	HGNC:10388
ORPHA:451586	HGNC:13178
ORPHA:451821	HGNC:5244
ORPHA:453713	HGNC:15804
ORPHA:454001	HGNC:26789
ORPHA:454025	HGNC:989
ORPHA:454902	HGNC:3169
ORPHA:455925	HGNC:9857
ORPHA:456083	HGNC:23594
ORPHA:456093	HGNC:11073
ORPHA:456175	HGNC:2294
ORPHA:456689	HGNC:18505
ORPHA:456799	HGNC:8847
ORPHA:456803	HGNC:19263
ORPHA:456808	HGNC:3087
ORPHA:456826	HGNC:28958
ORPHA:456828	HGNC:18658
ORPHA:456982	HGNC:1073
ORPHA:456990	HGNC:37216
ORPHA:456998	HGNC:21606
ORPHA:457009	HGNC:1424
ORPHA:457065	HGNC:11071
ORPHA:457098	HGNC:17264
ORPHA:457106	HGNC:29812
ORPHA:457111	HGNC:18150
ORPHA:457197	HGNC:10942
ORPHA:457447	HGNC:3826
ORPHA:457451	HGNC:6853
ORPHA:457458	HGNC:2988
ORPHA:457490	HGNC:2938
ORPHA:457522	HGNC:24265
ORPHA:457556	HGNC:25613
ORPHA:457562	HGNC:2917
ORPHA:457568	HGNC:20739
ORPHA:457570	HGNC:2093
ORPHA:457585	HGNC:5044
ORPHA:457688	HGNC:3388
ORPHA:457735	HGNC:6641
ORPHA:458247	HGNC:9045
ORPHA:458253	HGNC:8028
ORPHA:458270	HGNC:23801
ORPHA:458274	HGNC:10449
ORPHA:458278	HGNC:10705
ORPHA:458989	HGNC:4651
ORPHA:459019	HGNC:25523
ORPHA:459043	HGNC:7154
ORPHA:459084	HGNC:16353
ORPHA:459238	HGNC:7611
ORPHA:459297	HGNC:6944
ORPHA:459308	HGNC:1632
ORPHA:459321	HGNC:1718
ORPHA:459340	HGNC:19237
ORPHA:460502	HGNC:21100
ORPHA:460622	HGNC:19693
ORPHA:460630	HGNC:19857
ORPHA:460650	HGNC:12831
ORPHA:460660	HGNC:14499
ORPHA:460669	HGNC:9302
ORPHA:460676	HGNC:9312
ORPHA:460693	HGNC:23448
ORPHA:460697	HGNC:14359
ORPHA:460700	HGNC:19073
ORPHA:460721	HGNC:4867
ORPHA:460737	HGNC:26887
ORPHA:460740	HGNC:29420
ORPHA:460746	HGNC:20311
ORPHA:460755	HGNC:18119
ORPHA:460832	HGNC:9173
ORPHA:460842	HGNC:14951
ORPHA:460847	HGNC:3003
ORPHA:460860	HGNC:6783
ORPHA:460869	HGNC:12335
ORPHA:460876	HGNC:1394
ORPHA:461215	HGNC:1349
ORPHA:461232	HGNC:26147
ORPHA:461239	HGNC:18591
ORPHA:461302	HGNC:10778
ORPHA:461308	HGNC:16791
ORPHA:461326	HGNC:9350
ORPHA:461336	HGNC:30765
ORPHA:461354	HGNC:1044
ORPHA:461367	HGNC:11119
ORPHA:461381	HGNC:4138
ORPHA:461754	HGNC:2022
ORPHA:461769	HGNC:1739
ORPHA:461782	HGNC:25799
ORPHA:463796	HGNC:26582
ORPHA:463825	HGNC:1197
ORPHA:463829	HGNC:4478
ORPHA:464155	HGNC:30718
ORPHA:464166	HGNC:25280
ORPHA:464175	HGNC:1985
ORPHA:464297	HGNC:21244
ORPHA:464482	HGNC:4043
ORPHA:465703	HGNC:24969
ORPHA:465709	HGNC:14124
ORPHA:465725	HGNC:18829
ORPHA:465808	HGNC:9965
ORPHA:465924	HGNC:30883
ORPHA:465978	HGNC:17233
ORPHA:465986	HGNC:8952
ORPHA:466348	HGNC:4516
ORPHA:466382	HGNC:6859
ORPHA:466391	HGNC:25557
ORPHA:466397	HGNC:6664
ORPHA:466400	HGNC:3668
ORPHA:467238	HGNC:819
ORPHA:467266	HGNC:7165
ORPHA:468087	HGNC:9647
ORPHA:468801	HGNC:29007
ORPHA:468831	HGNC:13429
ORPHA:468841	HGNC:13486
ORPHA:469050	HGNC:23230
ORPHA:469057	HGNC:4588
ORPHA:469582	HGNC:1974
ORPHA:469734	HGNC:20461
ORPHA:469928	HGNC:20093
ORPHA:469946	HGNC:29422
ORPHA:469950	HGNC:568
ORPHA:469962	HGNC:18037
ORPHA:469968	HGNC:25567
ORPHA:469974	HGNC:903
ORPHA:469986	HGNC:13652
ORPHA:470014	HGNC:1152
ORPHA:470016	HGNC:26938
ORPHA:470018	HGNC:33702
ORPHA:470022	HGNC:1260
ORPHA:470026	HGNC:1389
ORPHA:470034	HGNC:25695
ORPHA:470040	HGNC:28178
ORPHA:470042	HGNC:28033
ORPHA:470052	HGNC:11937
ORPHA:470056	HGNC:1736
ORPHA:470098	HGNC:16920
ORPHA:470102	HGNC:16744
ORPHA:470146	HGNC:2515
ORPHA:470150	HGNC:2557
ORPHA:470152	HGNC:19347
ORPHA:470162	HGNC:2622
ORPHA:470170	HGNC:2681
ORPHA:470180	HGNC:18674
ORPHA:470184	HGNC:17211
ORPHA:470200	HGNC:2899
ORPHA:470204	HGNC:2900
ORPHA:470220	HGNC:2919
ORPHA:470228	HGNC:13909
ORPHA:470266	HGNC:3267
ORPHA:470272	HGNC:28957
ORPHA:470274	HGNC:19880
ORPHA:470286	HGNC:3415
ORPHA:470342	HGNC:24671
ORPHA:470362	HGNC:4507
ORPHA:470366	HGNC:4082
ORPHA:470380	HGNC:28980
ORPHA:470404	HGNC:18062
ORPHA:470408	HGNC:31042
ORPHA:470458	HGNC:4921
ORPHA:470462	HGNC:5048
ORPHA:470482	HGNC:5433
ORPHA:470484	HGNC:15901
ORPHA:470486	HGNC:17367
ORPHA:470538	HGNC:6299
ORPHA:470544	HGNC:18039
ORPHA:470550	HGNC:29508
ORPHA:470582	HGNC:6485
ORPHA:470608	HGNC:16084
ORPHA:470616	HGNC:13869
ORPHA:470644	HGNC:40050
ORPHA:470648	HGNC:6971
ORPHA:470656	HGNC:24858
ORPHA:470664	HGNC:7104
ORPHA:470676	HGNC:17679
ORPHA:470678	HGNC:23573
ORPHA:470692	HGNC:10545
ORPHA:470694	HGNC:7373
ORPHA:470720	HGNC:29401
ORPHA:470722	HGNC:7623
ORPHA:470736	HGNC:7690
ORPHA:470748	HGNC:7696
ORPHA:470756	HGNC:7703
ORPHA:470766	HGNC:16932
ORPHA:470768	HGNC:7728
ORPHA:470770	HGNC:7774
ORPHA:470800	HGNC:8029
ORPHA:470892	HGNC:9117
ORPHA:470896	HGNC:18801
ORPHA:470902	HGNC:9282
ORPHA:470906	HGNC:13997
ORPHA:470934	HGNC:17042
ORPHA:470948	HGNC:9801
ORPHA:470980	HGNC:27089
ORPHA:470996	HGNC:10260
ORPHA:470998	HGNC:10328
ORPHA:471006	HGNC:10416
ORPHA:471012	HGNC:10447
ORPHA:471014	HGNC:18647
ORPHA:471032	HGNC:10590
ORPHA:471036	HGNC:14372
ORPHA:471062	HGNC:19353
ORPHA:471070	HGNC:10936
ORPHA:471072	HGNC:10940
ORPHA:471076	HGNC:29683
ORPHA:471078	HGNC:10999
ORPHA:471110	HGNC:32689
ORPHA:471116	HGNC:11105
ORPHA:471134	HGNC:11183
ORPHA:471152	HGNC:10783
ORPHA:471156	HGNC:11354
ORPHA:471160	HGNC:11355
ORPHA:471178	HGNC:11509
ORPHA:471180	HGNC:17075
ORPHA:471192	HGNC:11581
ORPHA:471194	HGNC:11590
ORPHA:471196	HGNC:11631
ORPHA:471214	HGNC:11763
ORPHA:471224	HGNC:1321
ORPHA:471232	HGNC:28128
ORPHA:471234	HGNC:18085
ORPHA:471250	HGNC:11708
ORPHA:471260	HGNC:12303
ORPHA:471264	HGNC:12310
ORPHA:471288	HGNC:20597
ORPHA:471312	HGNC:12630
ORPHA:471320	HGNC:17327
ORPHA:471324	HGNC:12730
ORPHA:471328	HGNC:12756
ORPHA:471334	HGNC:28506
ORPHA:471340	HGNC:12825
ORPHA:471344	HGNC:12856
ORPHA:471352	HGNC:30939
ORPHA:474406	HGNC:24595
ORPHA:474419	HGNC:3468
ORPHA:474429	HGNC:9171
ORPHA:474467	HGNC:4519
ORPHA:474489	HGNC:16979
ORPHA:475300	HGNC:18053
ORPHA:476149	HGNC:29110
ORPHA:476167	HGNC:15505
ORPHA:476274	HGNC:8537
ORPHA:476289	HGNC:28570
ORPHA:476789	HGNC:2359
ORPHA:476812	HGNC:18274
ORPHA:476816	HGNC:50800
ORPHA:476835	HGNC:14583
ORPHA:476850	HGNC:9035
ORPHA:476887	HGNC:20661
ORPHA:476906	HGNC:20862
ORPHA:477022	HGNC:12463
ORPHA:477056	HGNC:25491
ORPHA:477107	HGNC:6888
ORPHA:477144	HGNC:6181
ORPHA:477195	HGNC:25705
ORPHA:477262	HGNC:18243
ORPHA:477268	HGNC:4382
ORPHA:477480	HGNC:6764
ORPHA:477544	HGNC:18337
ORPHA:477553	HGNC:11779
ORPHA:477581	HGNC:7585
ORPHA:478126	HGNC:27365
ORPHA:478263	HGNC:29079
ORPHA:478773	HGNC:10069
ORPHA:479128	HGNC:14252
ORPHA:479203	HGNC:5330
ORPHA:479217	HGNC:25439
ORPHA:479239	HGNC:10895
ORPHA:479262	HGNC:7608
ORPHA:479752	HGNC:13420
ORPHA:479811	HGNC:23664
ORPHA:483838	HGNC:28557
ORPHA:483985	HGNC:23141
ORPHA:484004	HGNC:17772
ORPHA:484073	HGNC:12629
ORPHA:484091	HGNC:11283
ORPHA:484097	HGNC:26022
ORPHA:484112	HGNC:12616
ORPHA:484159	HGNC:15626
ORPHA:484167	HGNC:11905
ORPHA:484183	HGNC:8125
ORPHA:484197	HGNC:16628
ORPHA:484208	HGNC:1591
ORPHA:484238	HGNC:17797
ORPHA:484336	HGNC:7102
ORPHA:484368	HGNC:8805
ORPHA:484588	HGNC:8117
ORPHA:484597	HGNC:11056
ORPHA:484673	HGNC:30935
ORPHA:484692	HGNC:14376
ORPHA:484733	HGNC:30078
ORPHA:485012	HGNC:23177
ORPHA:485177	HGNC:22407
ORPHA:485510	HGNC:9457
ORPHA:485515	HGNC:567
ORPHA:485520	HGNC:33814
ORPHA:485536	HGNC:15954
ORPHA:485540	HGNC:29536
ORPHA:485544	HGNC:857
ORPHA:485554	HGNC:851
ORPHA:485563	HGNC:24809
ORPHA:485569	HGNC:17090
ORPHA:486844	HGNC:2220
ORPHA:486881	HGNC:1184
ORPHA:486883	HGNC:349
ORPHA:486889	HGNC:26624
ORPHA:487075	HGNC:18001
ORPHA:487189	HGNC:11546
ORPHA:487198	HGNC:12309
ORPHA:487206	HGNC:27030
ORPHA:487237	HGNC:33882
ORPHA:487242	HGNC:3188
ORPHA:487248	HGNC:30262
ORPHA:487851	HGNC:17085
ORPHA:488601	HGNC:4021
ORPHA:489892	HGNC:9760
ORPHA:489957	HGNC:6647
ORPHA:489963	HGNC:6904
ORPHA:489978	HGNC:11834
ORPHA:490326	HGNC:33778
ORPHA:490384	HGNC:10537
ORPHA:490390	HGNC:3046
ORPHA:490407	HGNC:30577
ORPHA:490415	HGNC:17273
ORPHA:490421	HGNC:2267
ORPHA:490429	HGNC:28971
ORPHA:490432	HGNC:16110
ORPHA:490620	HGNC:8960
ORPHA:490627	HGNC:30207
ORPHA:490631	HGNC:40045
ORPHA:490636	HGNC:535
ORPHA:490652	HGNC:17939
ORPHA:490660	HGNC:26684
ORPHA:490669	HGNC:25631
ORPHA:490675	HGNC:11459
ORPHA:490687	HGNC:2527
ORPHA:491184	HGNC:12307
ORPHA:491197	HGNC:3424
ORPHA:491203	HGNC:2661
ORPHA:491234	HGNC:7326
ORPHA:491253	HGNC:29131
ORPHA:491288	HGNC:9051
ORPHA:491337	HGNC:18712
ORPHA:492337	HGNC:25740
ORPHA:492418	HGNC:14214
ORPHA:492424	HGNC:33188
ORPHA:492429	HGNC:20730
ORPHA:492445	HGNC:10256
ORPHA:492456	HGNC:12738
ORPHA:492464	HGNC:13941
ORPHA:492474	HGNC:26551
ORPHA:492482	HGNC:21296
ORPHA:492557	HGNC:20606
ORPHA:492567	HGNC:23352
ORPHA:492579	HGNC:1476
ORPHA:493393	HGNC:2460
ORPHA:493398	HGNC:2309
ORPHA:493402	HGNC:25789
ORPHA:493411	HGNC:17209
ORPHA:493542	HGNC:24102
ORPHA:493555	HGNC:3337
ORPHA:493592	HGNC:11532
ORPHA:493604	HGNC:29171
ORPHA:493665	HGNC:31582
ORPHA:493689	HGNC:19691
ORPHA:493702	HGNC:30563
ORPHA:493721	HGNC:23656
ORPHA:494042	HGNC:10817
ORPHA:494099	HGNC:13726
ORPHA:494163	HGNC:26576
ORPHA:494220	HGNC:26821
ORPHA:494225	HGNC:10344
ORPHA:494233	HGNC:10310
ORPHA:494237	HGNC:13188
ORPHA:494241	HGNC:13189
ORPHA:494252	HGNC:3763
ORPHA:494894	HGNC:4396
ORPHA:494919	HGNC:10760
ORPHA:494934	HGNC:28261
ORPHA:495231	HGNC:17123
ORPHA:495237	HGNC:30172
ORPHA:495297	HGNC:12852
ORPHA:495680	HGNC:17643
ORPHA:495783	HGNC:10249
ORPHA:496171	HGNC:1362
ORPHA:496177	HGNC:25985
ORPHA:496461	HGNC:10888
ORPHA:496652	HGNC:18028
ORPHA:496659	HGNC:16197
ORPHA:496669	HGNC:24259
ORPHA:496676	HGNC:26058
ORPHA:496728	HGNC:33630
ORPHA:496737	HGNC:28569
ORPHA:496768	HGNC:25507
ORPHA:496874	HGNC:16940
ORPHA:496896	HGNC:20773
ORPHA:497094	HGNC:4400
ORPHA:497119	HGNC:25461
ORPHA:497130	HGNC:29099
ORPHA:498301	HGNC:25539
ORPHA:498311	HGNC:20122
ORPHA:498336	HGNC:13081
ORPHA:498760	HGNC:1460
ORPHA:498771	HGNC:1461
ORPHA:498796	HGNC:1161
ORPHA:499821	HGNC:37
ORPHA:500277	HGNC:8772
ORPHA:500352	HGNC:17097
ORPHA:500484	HGNC:21042
ORPHA:500509	HGNC:9314
ORPHA:500523	HGNC:20662
ORPHA:500722	HGNC:26899
ORPHA:500726	HGNC:4317
ORPHA:500851	HGNC:2955
ORPHA:500862	HGNC:219
ORPHA:501654	HGNC:1750
ORPHA:501662	HGNC:13879
ORPHA:501665	HGNC:33276
ORPHA:502538	HGNC:694
ORPHA:502623	HGNC:11301
ORPHA:503127	HGNC:18008
ORPHA:503304	HGNC:2033
ORPHA:504704	HGNC:11107
ORPHA:505319	HGNC:2232
ORPHA:505326	HGNC:11317
ORPHA:505586	HGNC:18608
ORPHA:505596	HGNC:20967
ORPHA:505623	HGNC:5286
ORPHA:506368	HGNC:29561
ORPHA:506401	HGNC:4250
ORPHA:507834	HGNC:29958
ORPHA:507848	HGNC:24634
ORPHA:507868	HGNC:9787
ORPHA:507877	HGNC:26620
ORPHA:507938	HGNC:23140
ORPHA:507959	HGNC:25118
ORPHA:507966	HGNC:25169
ORPHA:507998	HGNC:19321
ORPHA:508012	HGNC:32952
ORPHA:508018	HGNC:24284
ORPHA:508029	HGNC:12511
ORPHA:508071	HGNC:3705
ORPHA:508638	HGNC:16066
ORPHA:508692	HGNC:29678
ORPHA:508711	HGNC:21684
ORPHA:508976	HGNC:1915
ORPHA:509002	HGNC:3395
ORPHA:509056	HGNC:4938
ORPHA:509234	HGNC:10019
ORPHA:510655	HGNC:18179
ORPHA:510688	HGNC:1329
ORPHA:510706	HGNC:29361
ORPHA:510714	HGNC:29947
ORPHA:510723	HGNC:24281
ORPHA:510728	HGNC:18874
ORPHA:512271	HGNC:11968
ORPHA:512453	HGNC:2911
ORPHA:512465	HGNC:837
ORPHA:512553	HGNC:12843
ORPHA:513401	HGNC:4462
ORPHA:513418	HGNC:26239
ORPHA:513512	HGNC:10981
ORPHA:513988	HGNC:3816
ORPHA:514012	HGNC:7227
ORPHA:514016	HGNC:28952
ORPHA:514478	HGNC:29205
ORPHA:514488	HGNC:9964
ORPHA:514506	HGNC:8086
ORPHA:514560	HGNC:28188
ORPHA:514572	HGNC:19684
ORPHA:517501	HGNC:20091
ORPHA:517513	HGNC:25903
ORPHA:517526	HGNC:11738
ORPHA:517552	HGNC:13760
ORPHA:517610	HGNC:28583
ORPHA:517879	HGNC:3518
ORPHA:517886	HGNC:5321
ORPHA:517915	HGNC:28349
ORPHA:517925	HGNC:28908
ORPHA:517933	HGNC:25947
ORPHA:517938	HGNC:19380
ORPHA:517954	HGNC:21208
ORPHA:518652	HGNC:26107
ORPHA:519416	HGNC:18453
ORPHA:519418	HGNC:9043
ORPHA:520606	HGNC:8776
ORPHA:520611	HGNC:348
ORPHA:520627	HGNC:16384
ORPHA:520636	HGNC:25686
ORPHA:520932	HGNC:9137
ORPHA:521784	HGNC:11992
ORPHA:521792	HGNC:31750
ORPHA:521825	HGNC:30767
ORPHA:521884	HGNC:9878
ORPHA:524190	HGNC:24048
ORPHA:525273	HGNC:20759
ORPHA:525290	HGNC:23375
ORPHA:525296	HGNC:20763
ORPHA:525404	HGNC:6836
ORPHA:525463	HGNC:13635
ORPHA:525941	HGNC:5384
ORPHA:528135	HGNC:3496
ORPHA:528295	HGNC:4796
ORPHA:528328	HGNC:2649
ORPHA:528340	HGNC:30677
ORPHA:528361	HGNC:14632
ORPHA:528371	HGNC:20858
ORPHA:529273	HGNC:24124
ORPHA:529292	HGNC:4978
ORPHA:529328	HGNC:15808
ORPHA:529620	HGNC:3642
ORPHA:530642	HGNC:8734
ORPHA:530647	HGNC:29929
ORPHA:531206	HGNC:652
ORPHA:531220	HGNC:30452
ORPHA:531241	HGNC:18017
ORPHA:531247	HGNC:18016
ORPHA:531491	HGNC:21675
ORPHA:535053	HGNC:17754
ORPHA:535057	HGNC:17800
ORPHA:535343	HGNC:30373
ORPHA:535349	HGNC:28672
ORPHA:535359	HGNC:25430
ORPHA:535378	HGNC:28613
ORPHA:535384	HGNC:26197
ORPHA:535393	HGNC:20990
ORPHA:535685	HGNC:4446
ORPHA:535693	HGNC:17728
ORPHA:535695	HGNC:16252
ORPHA:535702	HGNC:3581
ORPHA:535830	HGNC:9557
ORPHA:535893	HGNC:2610
ORPHA:538367	HGNC:17637
ORPHA:538628	HGNC:10389
ORPHA:538634	HGNC:6023
ORPHA:541618	HGNC:2953
ORPHA:541630	HGNC:15579
ORPHA:541656	HGNC:13202
ORPHA:541660	HGNC:8657
ORPHA:541669	HGNC:18437
ORPHA:541972	HGNC:8067
ORPHA:543192	HGNC:24152
ORPHA:543439	HGNC:303
ORPHA:543466	HGNC:484
ORPHA:544198	HGNC:24715
ORPHA:544204	HGNC:19918
ORPHA:544208	HGNC:24846
ORPHA:556119	HGNC:7763
ORPHA:556124	HGNC:25604
ORPHA:556129	HGNC:7801
ORPHA:556135	HGNC:13764
ORPHA:556194	HGNC:24870
ORPHA:556328	HGNC:21729
ORPHA:559228	HGNC:29162
ORPHA:559246	HGNC:11405
ORPHA:559410	HGNC:4740
ORPHA:559417	HGNC:19366
ORPHA:559424	HGNC:20039
ORPHA:559430	HGNC:9969
ORPHA:560981	HGNC:11737
ORPHA:560987	HGNC:160
ORPHA:560992	HGNC:29035
ORPHA:561001	HGNC:20080
ORPHA:561052	HGNC:28532
ORPHA:561058	HGNC:23045
ORPHA:561070	HGNC:26991
ORPHA:561076	HGNC:4562
ORPHA:561086	HGNC:30761
ORPHA:561466	HGNC:4331
ORPHA:561473	HGNC:16493
ORPHA:561485	HGNC:11200
ORPHA:561490	HGNC:8109
ORPHA:561493	HGNC:10057
ORPHA:561516	HGNC:25576
ORPHA:561536	HGNC:7582
ORPHA:562463	HGNC:30988
ORPHA:562473	HGNC:7821
ORPHA:564471	HGNC:1371
ORPHA:564475	HGNC:4401
ORPHA:564481	HGNC:23228
ORPHA:564486	HGNC:2989
ORPHA:566161	HGNC:33720
ORPHA:566167	HGNC:26293
